block,issue,ts,clear_sky_kw,clear_sky_ghi_wm2,cos_zenith,tod_sin,tod_cos,doy_sin,doy_cos,lead_time_hours,has_recent,kcs_recent,pv_last_kw,kcs_last,pv_lag_24h_kw,kcs_lag_24h,has_weather,ghi_fc_wm2,dni_fc_wm2,dhi_fc_wm2,cloud_fc_pct,temp_fc_c,wind_fc_ms,kcs_fc,kcs_fc_ens,nwp_lead_d,actual_kw,pers_kw
intraday,2025-11-25 08:00:00+00:00,2025-11-25 08:00:00+00:00,55.3020541,69.15989988,0.1316899541,0.8660254038,-0.5,-0.5978291415,0.8016235511,0,1,0.4357463077,19.5,0.5704761084,20.1,0.3467016032,1,41,0,41,100,4.375,0.35,0.3720798607,0.2967563767,1,36,20.1
intraday,2025-11-25 08:00:00+00:00,2025-11-25 08:15:00+00:00,77.3854331,96.77703463,0.1604255482,0.8314696123,-0.555570233,-0.5978291415,0.8016235511,0.25,1,0.4357463077,19.5,0.5704761084,17.4,0.2167991426,1,41,0,41,100,4.525,0.33,0.3720798607,0.2967563767,1,35.7,17.4
intraday,2025-11-25 08:00:00+00:00,2025-11-25 08:30:00+00:00,99.32215973,124.2107682,0.1873208077,0.7933533403,-0.608761429,-0.5978291415,0.8016235511,0.5,1,0.4357463077,19.5,0.5704761084,16.8,0.1641928393,1,41,0,41,100,4.675,0.31,0.3720798607,0.2967563767,1,54.3,16.8
intraday,2025-11-25 08:00:00+00:00,2025-11-25 08:45:00+00:00,120.4379802,150.6178891,0.2122605541,0.7518398075,-0.6593458151,-0.5978291415,0.8016235511,0.75,1,0.4357463077,19.5,0.5704761084,7.8,0.06315255629,1,41,0,41,100,4.825,0.29,0.3720798607,0.2967563767,1,94.8,7.8
intraday,2025-11-25 08:00:00+00:00,2025-11-25 09:00:00+00:00,140.2945227,175.4501764,0.2351379825,0.7071067812,-0.7071067812,-0.5978291415,0.8016235511,1,1,0.4357463077,19.5,0.5704761084,23.1,0.1610746712,1,63,11.4,60,100,4.9875,0.38,0.3036382766,0.2975333801,1,43.8,23.1
intraday,2025-11-25 08:00:00+00:00,2025-11-25 09:15:00+00:00,158.5882416,198.3280204,0.255855118,0.6593458151,-0.7518398075,-0.5978291415,0.8016235511,1.25,1,0.4357463077,19.5,0.5704761084,36.6,0.2263051334,1,63,11.4,60,100,5.1625,0.58,0.3036382766,0.2975333801,1,26.7,36.6
intraday,2025-11-25 08:00:00+00:00,2025-11-25 09:30:00+00:00,175.0980008,218.9748717,0.2743232352,0.608761429,-0.7933533403,-0.5978291415,0.8016235511,1.5,1,0.4357463077,19.5,0.5704761084,72,0.4039373947,1,63,11.4,60,100,5.3375,0.78,0.3036382766,0.2975333801,1,30,72
intraday,2025-11-25 08:00:00+00:00,2025-11-25 09:45:00+00:00,189.656752,237.1818226,0.2904632374,0.555570233,-0.8314696123,-0.5978291415,0.8016235511,1.75,1,0.4357463077,19.5,0.5704761084,49.2,0.2551879876,1,63,11.4,60,100,5.5125,0.98,0.3036382766,0.2975333801,1,53.4,49.2
intraday,2025-11-25 08:00:00+00:00,2025-11-25 10:00:00+00:00,202.135596,252.7876732,0.3042059952,0.5,-0.8660254038,-0.5978291415,0.8016235511,2,1,0.4357463077,19.5,0.5704761084,38.1,0.1856156497,1,75,25.2,67,100,5.625,1.2075,0.2785338379,0.3258226939,1,55.5,38.1
intraday,2025-11-25 08:00:00+00:00,2025-11-25 10:15:00+00:00,212.4344856,265.6673064,0.315492642,0.4422886902,-0.8968727415,-0.5978291415,0.8016235511,2.25,1,0.4357463077,19.5,0.5704761084,50.7,0.2352247728,1,75,25.2,67,100,5.675,1.4625,0.2785338379,0.3258226939,1,101.4,50.7
intraday,2025-11-25 08:00:00+00:00,2025-11-25 10:30:00+00:00,220.4766485,275.7247119,0.3242748254,0.3826834324,-0.9238795325,-0.5978291415,0.8016235511,2.5,1,0.4357463077,19.5,0.5704761084,60.3,0.2697377952,1,75,25.2,67,100,5.725,1.7175,0.2785338379,0.3258226939,1,70.8,60.3
intraday,2025-11-25 08:00:00+00:00,2025-11-25 10:45:00+00:00,226.2051804,282.888726,0.3305149144,0.3214394653,-0.9469301295,-0.5978291415,0.8016235511,2.75,1,0.4357463077,19.5,0.5704761084,88.2,0.3847453278,1,75,25.2,67,100,5.775,1.9725,0.2785338379,0.3258226939,1,67.2,88.2
intraday,2025-11-25 08:00:00+00:00,2025-11-25 11:00:00+00:00,229.5809612,287.1104256,0.3341861598,0.2588190451,-0.9659258263,-0.5978291415,0.8016235511,3,1,0.4357463077,19.5,0.5704761084,85.8,0.3689110118,1,93,36.2,81,100,5.725,2.135,0.3251621625,0.3298239856,1,66.3,85.8
intraday,2025-11-25 08:00:00+00:00,2025-11-25 11:15:00+00:00,230.581422,288.3615865,0.3352728083,0.195090322,-0.9807852804,-0.5978291415,0.8016235511,3.25,1,0.4357463077,19.5,0.5704761084,115.8,0.4958678905,1,93,36.2,81,100,5.575,2.205,0.3251621625,0.3298239856,1,63.9,115.8
intraday,2025-11-25 08:00:00+00:00,2025-11-25 11:30:00+00:00,229.1999041,286.6338815,0.3337701699,0.1305261922,-0.9914448614,-0.5978291415,0.8016235511,3.5,1,0.4357463077,19.5,0.5704761084,134.4,0.579068625,1,93,36.2,81,100,5.425,2.275,0.3251621625,0.3298239856,1,112.8,134.4
intraday,2025-11-25 08:00:00+00:00,2025-11-25 11:45:00+00:00,225.4454805,281.9386569,0.3296846378,0.06540312923,-0.9978589232,-0.5978291415,0.8016235511,3.75,1,0.4357463077,19.5,0.5704761084,93.9,0.4113253458,1,93,36.2,81,100,5.275,2.345,0.3251621625,0.3298239856,1,117.6,93.9
intraday,2025-11-25 08:00:00+00:00,2025-11-25 12:00:00+00:00,219.3432047,274.3072445,0.3230336602,1.224646799e-16,-1,-0.5978291415,0.8016235511,4,1,0.4357463077,19.5,0.5704761084,97.8,0.4402947365,1,70,23,63,100,5.1625,2.5,0.2737047078,0.2713586674,1,86.7,97.8
intraday,2025-11-25 08:00:00+00:00,2025-11-25 12:15:00+00:00,210.9348372,263.7918692,0.3138456658,-0.06540312923,-0.9978589232,-0.5978291415,0.8016235511,4.25,1,0.4357463077,19.5,0.5704761084,144,0.6739960627,1,70,23,63,100,5.0875,2.74,0.2737047078,0.2713586674,1,92.4,144
intraday,2025-11-25 08:00:00+00:00,2025-11-25 12:30:00+00:00,200.2801942,250.4673362,0.3021599415,-0.1305261922,-0.9914448614,-0.5978291415,0.8016235511,4.5,1,0.4357463077,19.5,0.5704761084,114.3,0.563255065,1,70,23,63,100,5.0125,2.98,0.2737047078,0.2713586674,1,72.6,114.3
intraday,2025-11-25 08:00:00+00:00,2025-11-25 12:45:00+00:00,187.4594071,234.4338566,0.2880264642,-0.195090322,-0.9807852804,-0.5978291415,0.8016235511,4.75,1,0.4357463077,19.5,0.5704761084,78.3,0.4120332533,1,70,23,63,100,4.9375,3.22,0.2737047078,0.2713586674,1,53.7,78.3
intraday,2025-11-25 08:00:00+00:00,2025-11-25 13:00:00+00:00,172.5766114,215.8216609,0.2715056863,-0.2588190451,-0.9659258263,-0.5978291415,0.8016235511,5,1,0.4357463077,19.5,0.5704761084,68.7,0.39241145,1,46,0,46,100,4.8625,3.2875,0.2525159282,0.2748398002,1,46.8,68.7
intraday,2025-11-25 08:00:00+00:00,2025-11-25 13:15:00+00:00,155.7659983,194.7985662,0.252668277,-0.3214394653,-0.9469301295,-0.5978291415,0.8016235511,5.25,1,0.4357463077,19.5,0.5704761084,36.3,0.2294926541,1,46,0,46,100,4.7875,3.1825,0.2525159282,0.2748398002,1,51.3,36.3
intraday,2025-11-25 08:00:00+00:00,2025-11-25 13:30:00+00:00,137.2019411,171.5826413,0.2315948192,-0.3826834324,-0.9238795325,-0.5978291415,0.8016235511,5.5,1,0.4357463077,19.5,0.5704761084,72.6,0.5203685503,1,46,0,46,100,4.7125,3.0775,0.2525159282,0.2748398002,1,43.8,72.6
intraday,2025-11-25 08:00:00+00:00,2025-11-25 13:45:00+00:00,117.1164521,146.4640371,0.2083754647,-0.4422886902,-0.8968727415,-0.5978291415,0.8016235511,5.75,1,0.4357463077,19.5,0.5704761084,53.4,0.4475193868,1,46,0,46,100,4.6375,2.9725,0.2525159282,0.2748398002,1,33.9,53.4
intraday,2025-11-26 08:00:00+00:00,2025-11-26 08:00:00+00:00,52.71465207,65.92413462,0.1281365179,0.8660254038,-0.5,-0.5839514999,0.8117885475,0,1,0.5265034181,13.5,0.4227115833,36,0.650970395,1,87,178.1,57,74.625,3.3375,0.6725,0.815666971,0.8219172926,1,17.1,36
intraday,2025-11-26 08:00:00+00:00,2025-11-26 08:15:00+00:00,74.59298824,93.28484596,0.1568726982,0.8314696123,-0.555570233,-0.5839514999,0.8117885475,0.25,1,0.5265034181,13.5,0.4227115833,35.7,0.4613271332,1,87,178.1,57,73.875,3.6125,0.5975,0.815666971,0.8219172926,1,30.6,35.7
intraday,2025-11-26 08:00:00+00:00,2025-11-26 08:30:00+00:00,96.40448448,120.5619683,0.1837734295,0.7933533403,-0.608761429,-0.5839514999,0.8117885475,0.5,1,0.5265034181,13.5,0.4227115833,54.3,0.546705792,1,87,178.1,57,73.125,3.8875,0.5225,0.815666971,0.8219172926,1,69.9,54.3
intraday,2025-11-26 08:00:00+00:00,2025-11-26 08:45:00+00:00,117.4440798,146.8737632,0.208723514,0.7518398075,-0.6593458151,-0.5839514999,0.8117885475,0.75,1,0.5265034181,13.5,0.4227115833,94.8,0.7871271158,1,87,178.1,57,72.375,4.1625,0.4475,0.815666971,0.8219172926,1,81.9,94.8
intraday,2025-11-26 08:00:00+00:00,2025-11-26 09:00:00+00:00,137.2563963,171.650742,0.2316161064,0.7071067812,-0.7071067812,-0.5839514999,0.8117885475,1,1,0.5265034181,13.5,0.4227115833,43.8,0.3122003564,1,136,219.9,79,71.75,4.3875,0.58375,0.6677729232,0.8052555838,1,34.8,43.8
intraday,2025-11-26 08:00:00+00:00,2025-11-26 09:15:00+00:00,155.5280667,194.5010126,0.2523531708,0.6593458151,-0.7518398075,-0.5839514999,0.8117885475,1.25,1,0.5265034181,13.5,0.4227115833,26.7,0.1683605274,1,136,219.9,79,71.25,4.5625,0.93125,0.6677729232,0.8052555838,1,39.9,26.7
intraday,2025-11-26 08:00:00+00:00,2025-11-26 09:30:00+00:00,172.032007,215.140587,0.2708458999,0.608761429,-0.7933533403,-0.5839514999,0.8117885475,1.5,1,0.5265034181,13.5,0.4227115833,30,0.1713326244,1,136,219.9,79,70.75,4.7375,1.27875,0.6677729232,0.8052555838,1,69.6,30
intraday,2025-11-26 08:00:00+00:00,2025-11-26 09:45:00+00:00,186.5973998,233.3558436,0.2870150952,0.555570233,-0.8314696123,-0.5839514999,0.8117885475,1.75,1,0.5265034181,13.5,0.4227115833,53.4,0.2815612913,1,136,219.9,79,70.25,4.9125,1.62625,0.6677729232,0.8052555838,1,75.3,53.4
intraday,2025-11-26 08:00:00+00:00,2025-11-26 10:00:00+00:00,199.0928545,248.9824674,0.3007915054,0.5,-0.8660254038,-0.5839514999,0.8117885475,2,1,0.5265034181,13.5,0.4227115833,55.5,0.2745681666,1,189,274.1,103,72.25,5.025,1.8675,0.7118186396,0.8244291017,1,60.3,55.5
intraday,2025-11-26 08:00:00+00:00,2025-11-26 10:15:00+00:00,209.4166119,261.8932,0.3121161228,0.4422886902,-0.8968727415,-0.5839514999,0.8117885475,2.25,1,0.5265034181,13.5,0.4227115833,101.4,0.477323631,1,189,274.1,103,76.75,5.075,2.0025,0.7118186396,0.8244291017,1,39.6,101.4
intraday,2025-11-26 08:00:00+00:00,2025-11-26 10:30:00+00:00,217.4906814,271.9905073,0.3209404355,0.3826834324,-0.9238795325,-0.5839514999,0.8117885475,2.5,1,0.5265034181,13.5,0.4227115833,70.8,0.3211224431,1,189,274.1,103,81.25,5.125,2.1375,0.7118186396,0.8244291017,1,39.6,70.8
intraday,2025-11-26 08:00:00+00:00,2025-11-26 10:45:00+00:00,223.2572646,279.2021078,0.3272266345,0.3214394653,-0.9469301295,-0.5839514999,0.8117885475,2.75,1,0.5265034181,13.5,0.4227115833,67.2,0.2970754245,1,189,274.1,103,85.75,5.175,2.2725,0.7118186396,0.8244291017,1,46.2,67.2
intraday,2025-11-26 08:00:00+00:00,2025-11-26 11:00:00+00:00,226.6765703,283.4782389,0.3309477757,0.2588190451,-0.9659258263,-0.5839514999,0.8117885475,3,1,0.5265034181,13.5,0.4227115833,66.3,0.2887870129,1,137,158.4,85,88.25,5.2125,2.2875,0.4849977121,0.6562219653,1,56.4,66.3
intraday,2025-11-26 08:00:00+00:00,2025-11-26 11:15:00+00:00,227.7255207,284.7900402,0.3320878946,0.195090322,-0.9807852804,-0.5839514999,0.8117885475,3.25,1,0.5265034181,13.5,0.4227115833,63.9,0.2771255353,1,137,158.4,85,88.75,5.2375,2.1825,0.4849977121,0.6562219653,1,56.1,63.9
intraday,2025-11-26 08:00:00+00:00,2025-11-26 11:30:00+00:00,226.397076,283.1287077,0.3306420745,0.1305261922,-0.9914448614,-0.5839514999,0.8117885475,3.5,1,0.5265034181,13.5,0.4227115833,112.8,0.4921468028,1,137,158.4,85,89.25,5.2625,2.0775,0.4849977121,0.6562219653,1,60.3,112.8
intraday,2025-11-26 08:00:00+00:00,2025-11-26 11:45:00+00:00,222.7000394,278.5052505,0.3266164672,0.06540312923,-0.9978589232,-0.5839514999,0.8117885475,3.75,1,0.5265034181,13.5,0.4227115833,117.6,0.5216338769,1,137,158.4,85,89.75,5.2875,1.9725,0.4849977121,0.6562219653,1,57.9,117.6
intraday,2025-11-26 08:00:00+00:00,2025-11-26 12:00:00+00:00,216.6593059,270.9508018,0.3200282663,1.224646799e-16,-1,-0.5839514999,0.8117885475,4,1,0.5265034181,13.5,0.4227115833,86.7,0.3952709641,1,132,179,78,89,5.325,1.9425,0.5227262486,0.6637039338,1,26.7,86.7
intraday,2025-11-26 08:00:00+00:00,2025-11-26 12:15:00+00:00,208.3166028,260.5175455,0.3109056333,-0.06540312923,-0.9978589232,-0.5839514999,0.8117885475,4.25,1,0.5265034181,13.5,0.4227115833,92.4,0.4380499742,1,132,179,78,87,5.375,1.9875,0.5227262486,0.6637039338,1,43.2,92.4
intraday,2025-11-26 08:00:00+00:00,2025-11-26 12:30:00+00:00,197.7318729,247.2804447,0.299287577,-0.1305261922,-0.9914448614,-0.5839514999,0.8117885475,4.5,1,0.5265034181,13.5,0.4227115833,72.6,0.362492159,1,132,179,78,85,5.425,2.0325,0.5227262486,0.6637039338,1,48.3,72.6
intraday,2025-11-26 08:00:00+00:00,2025-11-26 12:45:00+00:00,184.9855936,231.3401436,0.2852237859,-0.195090322,-0.9807852804,-0.5839514999,0.8117885475,4.75,1,0.5265034181,13.5,0.4227115833,53.7,0.2864620178,1,132,179,78,83,5.475,2.0775,0.5227262486,0.6637039338,1,45.6,53.7
intraday,2025-11-26 08:00:00+00:00,2025-11-26 13:00:00+00:00,170.1825707,212.8277104,0.2687744155,-0.2588190451,-0.9659258263,-0.5839514999,0.8117885475,5,1,0.5265034181,13.5,0.4227115833,46.8,0.2711839085,1,127,228.8,73,80.875,5.4875,2.04125,0.7081281687,0.7493891802,1,51.9,46.8
intraday,2025-11-26 08:00:00+00:00,2025-11-26 13:15:00+00:00,153.4581659,191.9124265,0.2500098305,-0.3214394653,-0.9469301295,-0.5839514999,0.8117885475,5.25,1,0.5265034181,13.5,0.4227115833,51.3,0.3293401677,1,127,228.8,73,78.625,5.4625,1.92375,0.7081281687,0.7493891802,1,44.1,51.3
intraday,2025-11-26 08:00:00+00:00,2025-11-26 13:30:00+00:00,134.9887332,168.8148375,0.2290103033,-0.3826834324,-0.9238795325,-0.5839514999,0.8117885475,5.5,1,0.5265034181,13.5,0.4227115833,43.8,0.3192374659,1,127,228.8,73,76.375,5.4375,1.80625,0.7081281687,0.7493891802,1,30.3,43.8
intraday,2025-11-26 08:00:00+00:00,2025-11-26 13:45:00+00:00,115.0096338,143.8292824,0.2058656701,-0.4422886902,-0.8968727415,-0.5839514999,0.8117885475,5.75,1,0.5265034181,13.5,0.4227115833,33.9,0.2894554897,1,127,228.8,73,74.125,5.4125,1.68875,0.7081281687,0.7493891802,1,23.4,33.9
intraday,2025-11-27 08:00:00+00:00,2025-11-27 08:00:00+00:00,50.2139309,62.79677112,0.1246607932,0.8660254038,-0.5,-0.5699010576,0.8217133226,0,1,1.3,41.7,1.3,17.1,0.3243879895,1,70,42.4,63,92.875,0.3875,1.81,0.6780718239,0.502096041,1,36.6,17.1
intraday,2025-11-27 08:00:00+00:00,2025-11-27 08:15:00+00:00,71.88264593,89.89533348,0.1533996047,0.8314696123,-0.555570233,-0.5699010576,0.8217133226,0.25,1,1.3,41.7,1.3,30.6,0.4102262253,1,70,42.4,63,94.625,0.7625,2.01,0.6780718239,0.502096041,1,42.6,30.6
intraday,2025-11-27 08:00:00+00:00,2025-11-27 08:30:00+00:00,93.56716447,117.0136595,0.1803078737,0.7933533403,-0.608761429,-0.5699010576,0.8217133226,0.5,1,1.3,41.7,1.3,69.9,0.7250700046,1,70,42.4,63,96.375,1.1375,2.21,0.6780718239,0.502096041,1,46.8,69.9
intraday,2025-11-27 08:00:00+00:00,2025-11-27 08:45:00+00:00,114.5303062,143.2298427,0.2052703742,0.7518398075,-0.6593458151,-0.5699010576,0.8217133226,0.75,1,1.3,41.7,1.3,81.9,0.6973531587,1,70,42.4,63,98.125,1.5125,2.41,0.6780718239,0.502096041,1,52.2,81.9
intraday,2025-11-27 08:00:00+00:00,2025-11-27 09:00:00+00:00,134.2990021,167.9522703,0.2281802116,0.7071067812,-0.7071067812,-0.5699010576,0.8217133226,1,1,1.3,41.7,1.3,34.8,0.2535400968,1,88,27.4,81,98.875,1.7625,2.6275,0.440123991,0.4829693947,1,69.6,34.8
intraday,2025-11-27 08:00:00+00:00,2025-11-27 09:15:00+00:00,152.5497011,190.7763144,0.2489392799,0.6593458151,-0.7518398075,-0.5699010576,0.8217133226,1.25,1,1.3,41.7,1.3,39.9,0.2565453352,1,88,27.4,81,98.625,1.8875,2.8625,0.440123991,0.4829693947,1,83.1,39.9
intraday,2025-11-27 08:00:00+00:00,2025-11-27 09:30:00+00:00,169.0491713,211.4102984,0.267458681,0.608761429,-0.7933533403,-0.5699010576,0.8217133226,1.5,1,1.3,41.7,1.3,69.6,0.4045758764,1,88,27.4,81,98.375,2.0125,3.0975,0.440123991,0.4829693947,1,111.3,69.6
intraday,2025-11-27 08:00:00+00:00,2025-11-27 09:45:00+00:00,183.62271,229.6357422,0.2836591056,0.555570233,-0.8314696123,-0.5699010576,0.8217133226,1.75,1,1.3,41.7,1.3,75.3,0.4035426007,1,88,27.4,81,98.125,2.1375,3.3325,0.440123991,0.4829693947,1,113.1,75.3
intraday,2025-11-27 08:00:00+00:00,2025-11-27 10:00:00+00:00,196.1363638,245.2851255,0.2974711719,0.5,-0.8660254038,-0.5699010576,0.8217133226,2,1,1.3,41.7,1.3,60.3,0.3028737529,1,107,45.1,93,98,2.275,3.4625,0.4085872856,0.4441000123,1,114.6,60.3
intraday,2025-11-27 08:00:00+00:00,2025-11-27 10:15:00+00:00,206.4866148,258.2289906,0.3088357223,0.4422886902,-0.8968727415,-0.5699010576,0.8217133226,2.25,1,1.3,41.7,1.3,39.6,0.1890967466,1,107,45.1,93,98,2.425,3.4875,0.4085872856,0.4441000123,1,116.4,39.6
intraday,2025-11-27 08:00:00+00:00,2025-11-27 10:30:00+00:00,214.594221,268.3682384,0.3177040767,0.3826834324,-0.9238795325,-0.5699010576,0.8217133226,2.5,1,1.3,41.7,1.3,39.6,0.1820767664,1,107,45.1,93,98,2.575,3.5125,0.4085872856,0.4441000123,1,133.5,39.6
intraday,2025-11-27 08:00:00+00:00,2025-11-27 10:45:00+00:00,220.400465,275.629438,0.3240382404,0.3214394653,-0.9469301295,-0.5699010576,0.8217133226,2.75,1,1.3,41.7,1.3,46.2,0.2069361554,1,107,45.1,93,98,2.725,3.5375,0.4085872856,0.4441000123,1,150.9,46.2
intraday,2025-11-27 08:00:00+00:00,2025-11-27 11:00:00+00:00,223.8648646,279.961963,0.3278110661,0.2588190451,-0.9659258263,-0.5699010576,0.8217133226,3,1,1.3,41.7,1.3,56.4,0.2488126582,1,94,9.2,91,97.875,2.8,3.5375,0.3368467784,0.360258824,1,131.1,56.4
intraday,2025-11-27 08:00:00+00:00,2025-11-27 11:15:00+00:00,224.9638158,281.3362944,0.3290063705,0.195090322,-0.9807852804,-0.5699010576,0.8217133226,3.25,1,1.3,41.7,1.3,56.1,0.2463492007,1,94,9.2,91,97.625,2.8,3.5125,0.3368467784,0.360258824,1,127.5,56.1
intraday,2025-11-27 08:00:00+00:00,2025-11-27 11:30:00+00:00,223.6898811,279.7431313,0.3276190026,0.1305261922,-0.9914448614,-0.5699010576,0.8217133226,3.5,1,1.3,41.7,1.3,60.3,0.2663461961,1,94,9.2,91,97.375,2.8,3.4875,0.3368467784,0.360258824,1,114.9,60.3
intraday,2025-11-27 08:00:00+00:00,2025-11-27 11:45:00+00:00,220.0515781,275.1931254,0.3236548658,0.06540312923,-0.9978589232,-0.5699010576,0.8217133226,3.75,1,1.3,41.7,1.3,57.9,0.2599909733,1,94,9.2,91,97.125,2.8,3.4625,0.3368467784,0.360258824,1,112.8,57.9
intraday,2025-11-27 08:00:00+00:00,2025-11-27 12:00:00+00:00,214.0736263,267.7171907,0.3171308925,1.224646799e-16,-1,-0.5699010576,0.8217133226,4,1,1.3,41.7,1.3,26.7,0.1232349559,1,103,46.8,89,97,2.8375,3.46625,0.4129595198,0.3760738151,1,117,26.7
intraday,2025-11-27 08:00:00+00:00,2025-11-27 12:15:00+00:00,205.7977017,257.3674464,0.3080749709,-0.06540312923,-0.9978589232,-0.5699010576,0.8217133226,4.25,1,1.3,41.7,1.3,43.2,0.2073766537,1,103,46.8,89,97,2.9125,3.49875,0.4129595198,0.3760738151,1,88.2,43.2
intraday,2025-11-27 08:00:00+00:00,2025-11-27 12:30:00+00:00,195.2838515,244.2189868,0.2965258255,-0.1305261922,-0.9914448614,-0.5699010576,0.8217133226,4.5,1,1.3,41.7,1.3,48.3,0.2442701791,1,103,46.8,89,97,2.9875,3.53125,0.4129595198,0.3760738151,1,74.1,48.3
intraday,2025-11-27 08:00:00+00:00,2025-11-27 12:45:00+00:00,182.6128733,228.372856,0.2825328516,-0.195090322,-0.9807852804,-0.5699010576,0.8217133226,4.75,1,1.3,41.7,1.3,45.6,0.2465056824,1,103,46.8,89,97,3.0625,3.56375,0.4129595198,0.3760738151,1,60.6,45.6
intraday,2025-11-27 08:00:00+00:00,2025-11-27 13:00:00+00:00,167.8902085,209.9609174,0.2661559026,-0.2588190451,-0.9659258263,-0.5699010576,0.8217133226,5,1,1.3,41.7,1.3,51.9,0.3049666001,1,52,12.8,49,97.125,3.0875,3.5325,0.2943628093,0.2762481749,1,59.7,51.9
intraday,2025-11-27 08:00:00+00:00,2025-11-27 13:15:00+00:00,151.2523434,189.1538586,0.2474650343,-0.3214394653,-0.9469301295,-0.5699010576,0.8217133226,5.25,1,1.3,41.7,1.3,44.1,0.2873747365,1,52,12.8,49,97.375,3.0625,3.4375,0.2943628093,0.2762481749,1,54.6,44.1
intraday,2025-11-27 08:00:00+00:00,2025-11-27 13:30:00+00:00,132.8775469,166.1746203,0.2265402049,-0.3826834324,-0.9238795325,-0.5699010576,0.8217133226,5.5,1,1.3,41.7,1.3,30.3,0.2244631776,1,52,12.8,49,97.625,3.0375,3.3425,0.2943628093,0.2762481749,1,45.6,30.3
intraday,2025-11-27 08:00:00+00:00,2025-11-27 13:45:00+00:00,113.0044312,141.3216069,0.2034709316,-0.4422886902,-0.8968727415,-0.5699010576,0.8217133226,5.75,1,1.3,41.7,1.3,23.4,0.2034612165,1,52,12.8,49,97.875,3.0125,3.2475,0.2943628093,0.2762481749,1,36.9,23.4
intraday,2025-11-28 08:00:00+00:00,2025-11-28 08:00:00+00:00,47.80092728,59.77910583,0.1212647891,0.8660254038,-0.5,-0.5556819725,0.8313949395,0,1,0.2701862063,5.4,0.1946938997,36.6,0.7288813949,1,24,6.2,23,99.875,5.0375,2.11125,0.2402133696,0.1831626944,1,7.2,36.6
intraday,2025-11-28 08:00:00+00:00,2025-11-28 08:15:00+00:00,69.2556415,86.61004207,0.1500082858,0.8314696123,-0.555570233,-0.5556819725,0.8313949395,0.25,1,0.2701862063,5.4,0.1946938997,42.6,0.592632609,1,24,6.2,23,99.625,5.1125,2.15375,0.2402133696,0.1831626944,1,11.4,42.6
intraday,2025-11-28 08:00:00+00:00,2025-11-28 08:30:00+00:00,90.81157885,113.5675664,0.176926162,0.7933533403,-0.608761429,-0.5556819725,0.8313949395,0.5,1,0.2701862063,5.4,0.1946938997,46.8,0.500175465,1,24,6.2,23,99.375,5.1875,2.19625,0.2402133696,0.1831626944,1,16.8,46.8
intraday,2025-11-28 08:00:00+00:00,2025-11-28 08:45:00+00:00,111.6981451,139.6879855,0.2019031547,0.7518398075,-0.6593458151,-0.5556819725,0.8313949395,0.75,1,0.2701862063,5.4,0.1946938997,52.2,0.4557745609,1,24,6.2,23,99.125,5.2625,2.23875,0.2402133696,0.1831626944,1,25.2,52.2
intraday,2025-11-28 08:00:00+00:00,2025-11-28 09:00:00+00:00,131.4239026,164.356715,0.224832311,0.7071067812,-0.7071067812,-0.5556819725,0.8313949395,1,1,0.2701862063,5.4,0.1946938997,69.6,0.518246591,1,23,0,23,99.125,5.325,2.28625,0.1171493502,0.1393907486,1,38.7,69.6
intraday,2025-11-28 08:00:00+00:00,2025-11-28 09:15:00+00:00,149.6547596,187.1559449,0.2456154458,0.6593458151,-0.7518398075,-0.5556819725,0.8313949395,1.25,1,0.2701862063,5.4,0.1946938997,83.1,0.5447404969,1,23,0,23,99.375,5.375,2.33875,0.1171493502,0.1393907486,1,54,83.1
intraday,2025-11-28 08:00:00+00:00,2025-11-28 09:30:00+00:00,166.1511409,207.7860661,0.2641635616,0.608761429,-0.7933533403,-0.5556819725,0.8313949395,1.5,1,0.2701862063,5.4,0.1946938997,111.3,0.6583883206,1,23,0,23,99.625,5.425,2.39125,0.1171493502,0.1393907486,1,44.1,111.3
intraday,2025-11-28 08:00:00+00:00,2025-11-28 09:45:00+00:00,180.7343459,226.0235984,0.2803972292,0.555570233,-0.8314696123,-0.5556819725,0.8313949395,1.75,1,0.2701862063,5.4,0.1946938997,113.1,0.6159368849,1,23,0,23,99.875,5.475,2.44375,0.1171493502,0.1393907486,1,35.7,113.1
intraday,2025-11-28 08:00:00+00:00,2025-11-28 10:00:00+00:00,193.2677894,241.6977305,0.2942469275,0.5,-0.8660254038,-0.5556819725,0.8313949395,2,1,0.2701862063,5.4,0.1946938997,114.6,0.5842873692,1,33,3.3,32,100,5.525,2.455,0.1277328103,0.1398609762,1,46.5,114.6
intraday,2025-11-28 08:00:00+00:00,2025-11-28 10:15:00+00:00,203.64615,254.6767489,0.3056533408,0.4422886902,-0.8968727415,-0.5556819725,0.8313949395,2.25,1,0.2701862063,5.4,0.1946938997,116.4,0.5637169271,1,33,3.3,32,100,5.575,2.425,0.1277328103,0.1398609762,1,51.6,116.4
intraday,2025-11-28 08:00:00+00:00,2025-11-28 10:30:00+00:00,211.7889024,264.8599501,0.3145676125,0.3826834324,-0.9238795325,-0.5556819725,0.8313949395,2.5,1,0.2701862063,5.4,0.1946938997,133.5,0.6221043577,1,33,3.3,32,100,5.625,2.395,0.1277328103,0.1398609762,1,57.3,133.5
intraday,2025-11-28 08:00:00+00:00,2025-11-28 10:45:00+00:00,217.636387,272.1727245,0.3209515536,0.3214394653,-0.9469301295,-0.5556819725,0.8313949395,2.75,1,0.2701862063,5.4,0.1946938997,150.9,0.6846628022,1,33,3.3,32,100,5.675,2.365,0.1277328103,0.1398609762,1,53.1,150.9
intraday,2025-11-28 08:00:00+00:00,2025-11-28 11:00:00+00:00,221.1474108,276.5635569,0.3247778063,0.2588190451,-0.9659258263,-0.5556819725,0.8313949395,3,1,0.2701862063,5.4,0.1946938997,131.1,0.5856211524,1,46,9.3,43,100,5.7875,2.40875,0.1668103863,0.1723707325,1,40.2,131.1
intraday,2025-11-28 08:00:00+00:00,2025-11-28 11:15:00+00:00,222.2978264,278.0022491,0.3260299606,0.195090322,-0.9807852804,-0.5556819725,0.8313949395,3.25,1,0.2701862063,5.4,0.1946938997,127.5,0.566757812,1,46,9.3,43,100,5.9625,2.52625,0.1668103863,0.1723707325,1,37.2,127.5
intraday,2025-11-28 08:00:00+00:00,2025-11-28 11:30:00+00:00,221.0797831,276.4789828,0.3247026243,0.1305261922,-0.9914448614,-0.5556819725,0.8313949395,3.5,1,0.2701862063,5.4,0.1946938997,114.9,0.5136575666,1,46,9.3,43,100,6.1375,2.64375,0.1668103863,0.1723707325,1,33.9,114.9
intraday,2025-11-28 08:00:00+00:00,2025-11-28 11:45:00+00:00,217.5014965,272.0040325,0.3208014456,0.06540312923,-0.9978589232,-0.5556819725,0.8313949395,3.75,1,0.2701862063,5.4,0.1946938997,112.8,0.5126070941,1,46,9.3,43,100,6.3125,2.76125,0.1668103863,0.1723707325,1,32.7,112.8
intraday,2025-11-28 08:00:00+00:00,2025-11-28 12:00:00+00:00,211.5874936,264.6080713,0.3143430892,1.224646799e-16,-1,-0.5556819725,0.8313949395,4,1,0.2701862063,5.4,0.1946938997,117,0.5465409355,1,30,3.4,29,100,6.4125,2.84375,0.1217323846,0.1571700344,1,31.5,117
intraday,2025-11-28 08:00:00+00:00,2025-11-28 12:15:00+00:00,203.3793794,254.3431297,0.3053551638,-0.06540312923,-0.9978589232,-0.5556819725,0.8313949395,4.25,1,0.2701862063,5.4,0.1946938997,88.2,0.4285762148,1,30,3.4,29,100,6.4375,2.89125,0.1217323846,0.1571700344,1,33.9,88.2
intraday,2025-11-28 08:00:00+00:00,2025-11-28 12:30:00+00:00,192.9372832,241.2844044,0.2938761046,-0.1305261922,-0.9914448614,-0.5556819725,0.8313949395,4.5,1,0.2701862063,5.4,0.1946938997,74.1,0.3794476575,1,30,3.4,29,100,6.4625,2.93875,0.1217323846,0.1571700344,1,39.3,74.1
intraday,2025-11-28 08:00:00+00:00,2025-11-28 12:45:00+00:00,180.3422936,225.5333038,0.279955008,-0.195090322,-0.9807852804,-0.5556819725,0.8313949395,4.75,1,0.2701862063,5.4,0.1946938997,60.6,0.3318495509,1,30,3.4,29,100,6.4875,2.98625,0.1217323846,0.1571700344,1,34.2,60.6
intraday,2025-11-28 08:00:00+00:00,2025-11-28 13:00:00+00:00,165.7004503,207.2224393,0.2636514211,-0.2588190451,-0.9659258263,-0.5556819725,0.8313949395,5,1,0.2701862063,5.4,0.1946938997,59.7,0.3555895279,1,23,0,23,100,6.5375,2.9825,0.1321173717,0.1974101597,1,29.7,59.7
intraday,2025-11-28 08:00:00+00:00,2025-11-28 13:15:00+00:00,149.149312,186.5238399,0.245035087,-0.3214394653,-0.9469301295,-0.5556819725,0.8313949395,5.25,1,0.2701862063,5.4,0.1946938997,54.6,0.3609861427,1,23,0,23,100,6.6125,2.9275,0.1321173717,0.1974101597,1,22.8,54.6
intraday,2025-11-28 08:00:00+00:00,2025-11-28 13:30:00+00:00,130.8689881,163.6627475,0.2241856456,-0.3826834324,-0.9238795325,-0.5556819725,0.8313949395,5.5,1,0.2701862063,5.4,0.1946938997,45.6,0.3431731023,1,23,0,23,100,6.6875,2.8725,0.1321173717,0.1974101597,1,16.8,45.6
intraday,2025-11-28 08:00:00+00:00,2025-11-28 13:45:00+00:00,111.1012276,138.9414897,0.2011922926,-0.4422886902,-0.8968727415,-0.5556819725,0.8313949395,5.75,1,0.2701862063,5.4,0.1946938997,36.9,0.3265358676,1,23,0,23,100,6.7625,2.8175,0.1321173717,0.1974101597,1,15.9,36.9
intraday,2025-11-29 08:00:00+00:00,2025-11-29 08:00:00+00:00,45.47649515,56.8722067,0.1179504797,0.8660254038,-0.5,-0.5412984521,0.8408305333,0,1,0.6040405556,15.6,0.605087597,7.2,0.1506246931,1,28,6.3,27,100,7.9375,2.94875,0.2895719518,0.2678540555,1,14.1,7.2
intraday,2025-11-29 08:00:00+00:00,2025-11-29 08:15:00+00:00,66.71307993,83.4303536,0.1467007223,0.8314696123,-0.555570233,-0.5412984521,0.8408305333,0.25,1,0.6040405556,15.6,0.605087597,11.4,0.1646075288,1,28,6.3,27,100,8.0125,2.96625,0.2895719518,0.2678540555,1,25.5,11.4
intraday,2025-11-29 08:00:00+00:00,2025-11-29 08:30:00+00:00,88.13900533,110.225287,0.173630277,0.7933533403,-0.608761429,-0.5412984521,0.8408305333,0.5,1,0.6040405556,15.6,0.605087597,16.8,0.1849984354,1,28,6.3,27,100,8.0875,2.98375,0.2895719518,0.2678540555,1,21.9,16.8
intraday,2025-11-29 08:00:00+00:00,2025-11-29 08:45:00+00:00,108.9489979,136.2499442,0.1986238347,0.7518398075,-0.6593458151,-0.5412984521,0.8408305333,0.75,1,0.6040405556,15.6,0.605087597,25.2,0.2256080437,1,28,6.3,27,100,8.1625,3.00125,0.2895719518,0.2678540555,1,31.2,25.2
intraday,2025-11-29 08:00:00+00:00,2025-11-29 09:00:00+00:00,128.6325861,160.8659375,0.2215743753,0.7071067812,-0.7071067812,-0.5412984521,0.8408305333,1,1,0.6040405556,15.6,0.605087597,38.7,0.2944669824,1,54,20,49,99.375,8.2625,3.08,0.2800470146,0.2738237476,1,40.2,38.7
intraday,2025-11-29 08:00:00+00:00,2025-11-29 09:15:00+00:00,146.8447894,183.6418393,0.2423836256,0.6593458151,-0.7518398075,-0.5412984521,0.8408305333,1.25,1,0.6040405556,15.6,0.605087597,54,0.3608304884,1,54,20,49,98.125,8.3875,3.22,0.2800470146,0.2738237476,1,52.5,54
intraday,2025-11-29 08:00:00+00:00,2025-11-29 09:30:00+00:00,163.3394995,204.2698706,0.2609624796,0.608761429,-0.7933533403,-0.5412984521,0.8408305333,1.5,1,0.6040405556,15.6,0.605087597,44.1,0.2654209881,1,54,20,49,96.875,8.5125,3.36,0.2800470146,0.2738237476,1,84.9,44.1
intraday,2025-11-29 08:00:00+00:00,2025-11-29 09:45:00+00:00,177.9339097,222.5214159,0.2772313798,0.555570233,-0.8314696123,-0.5412984521,0.8408305333,1.75,1,0.6040405556,15.6,0.605087597,35.7,0.1975274806,1,54,20,49,95.625,8.6375,3.5,0.2800470146,0.2738237476,1,80.7,35.7
intraday,2025-11-29 08:00:00+00:00,2025-11-29 10:00:00+00:00,190.4887374,238.2222906,0.2911206573,0.5,-0.8660254038,-0.5412984521,0.8408305333,2,1,0.6040405556,15.6,0.605087597,46.5,0.2405988092,1,66,26.3,58,95.625,8.7,3.545,0.2588838648,0.2590146142,1,142.5,46.5
intraday,2025-11-29 08:00:00+00:00,2025-11-29 10:15:00+00:00,200.8968144,251.2384719,0.3025708296,0.4422886902,-0.8968727415,-0.5412984521,0.8408305333,2.25,1,0.6040405556,15.6,0.605087597,51.6,0.2533806802,1,66,26.3,58,96.875,8.7,3.495,0.2588838648,0.2590146142,1,53.1,51.6
intraday,2025-11-29 08:00:00+00:00,2025-11-29 10:30:00+00:00,209.0763028,261.4676146,0.3115328554,0.3826834324,-0.9238795325,-0.5412984521,0.8408305333,2.5,1,0.6040405556,15.6,0.605087597,57.3,0.2705524196,1,66,26.3,58,98.125,8.7,3.445,0.2588838648,0.2590146142,1,28.8,57.3
intraday,2025-11-29 08:00:00+00:00,2025-11-29 10:45:00+00:00,214.9665776,268.8339019,0.3179683439,0.3214394653,-0.9469301295,-0.5412984521,0.8408305333,2.75,1,0.6040405556,15.6,0.605087597,53.1,0.2439849362,1,66,26.3,58,99.375,8.7,3.395,0.2588838648,0.2590146142,1,36,53.1
intraday,2025-11-29 08:00:00+00:00,2025-11-29 11:00:00+00:00,218.5257169,273.2849068,0.3218497188,0.2588190451,-0.9659258263,-0.5412984521,0.8408305333,3,1,0.6040405556,15.6,0.605087597,40.2,0.1817792027,1,66,9.4,63,100,8.75,3.4625,0.2421235765,0.318918327,1,38.7,40.2
intraday,2025-11-29 08:00:00+00:00,2025-11-29 11:15:00+00:00,219.7290135,274.7897311,0.3231603362,0.195090322,-0.9807852804,-0.5412984521,0.8408305333,3.25,1,0.6040405556,15.6,0.605087597,37.2,0.1673430667,1,66,9.4,63,100,8.85,3.6475,0.2421235765,0.318918327,1,33.6,37.2
intraday,2025-11-29 08:00:00+00:00,2025-11-29 11:30:00+00:00,218.5681871,273.3380194,0.3218945555,0.1305261922,-0.9914448614,-0.5412984521,0.8408305333,3.5,1,0.6040405556,15.6,0.605087597,33.9,0.1533383086,1,66,9.4,63,100,8.95,3.8325,0.2421235765,0.318918327,1,30,33.9
intraday,2025-11-29 08:00:00+00:00,2025-11-29 11:45:00+00:00,215.0511356,268.9396488,0.3180577635,0.06540312923,-0.9978589232,-0.5412984521,0.8408305333,3.75,1,0.6040405556,15.6,0.605087597,32.7,0.1503437931,1,66,9.4,63,100,9.05,4.0175,0.2421235765,0.318918327,1,54,32.7
intraday,2025-11-29 08:00:00+00:00,2025-11-29 12:00:00+00:00,209.2021758,261.6250295,0.3116663507,1.224646799e-16,-1,-0.5412984521,0.8408305333,4,1,0.6040405556,15.6,0.605087597,31.5,0.1488745836,1,61,13.6,57,100,9.15,4.05875,0.2504177319,0.2903750968,1,99.6,31.5
intraday,2025-11-29 08:00:00+00:00,2025-11-29 12:15:00+00:00,201.0628221,251.4460786,0.3027476411,-0.06540312923,-0.9978589232,-0.5412984521,0.8408305333,4.25,1,0.6040405556,15.6,0.605087597,33.9,0.166683565,1,61,13.6,57,100,9.25,3.95625,0.2504177319,0.2903750968,1,116.1,33.9
intraday,2025-11-29 08:00:00+00:00,2025-11-29 12:30:00+00:00,190.6932611,238.4780648,0.2913397748,-0.1305261922,-0.9914448614,-0.5412984521,0.8408305333,4.5,1,0.6040405556,15.6,0.605087597,39.3,0.2036931346,1,61,13.6,57,100,9.35,3.85375,0.2504177319,0.2903750968,1,73.8,39.3
intraday,2025-11-29 08:00:00+00:00,2025-11-29 12:45:00+00:00,178.174842,222.8227221,0.2774915448,-0.195090322,-0.9807852804,-0.5412984521,0.8408305333,4.75,1,0.6040405556,15.6,0.605087597,34.2,0.1896393758,1,61,13.6,57,100,9.45,3.75125,0.2504177319,0.2903750968,1,56.1,34.2
intraday,2025-11-29 08:00:00+00:00,2025-11-29 13:00:00+00:00,163.6141615,204.6133586,0.2612621876,-0.2588190451,-0.9659258263,-0.5412984521,0.8408305333,5,1,0.6040405556,15.6,0.605087597,29.7,0.1792391025,1,57,13.1,54,100,9.5375,3.75,0.3320682371,0.2541972645,1,58.5,29.7
intraday,2025-11-29 08:00:00+00:00,2025-11-29 13:15:00+00:00,147.1497934,184.0232726,0.2427211298,-0.3214394653,-0.9469301295,-0.5412984521,0.8408305333,5.25,1,0.6040405556,15.6,0.605087597,22.8,0.1528669471,1,57,13.1,54,100,9.6125,3.85,0.3320682371,0.2541972645,1,46.2,22.8
intraday,2025-11-29 08:00:00+00:00,2025-11-29 13:30:00+00:00,128.9636027,161.2799018,0.2219476899,-0.3826834324,-0.9238795325,-0.5412984521,0.8408305333,5.5,1,0.6040405556,15.6,0.605087597,16.8,0.1283726591,1,57,13.1,54,100,9.6875,3.95,0.3320682371,0.2541972645,1,34.2,16.8
intraday,2025-11-29 08:00:00+00:00,2025-11-29 13:45:00+00:00,109.3003459,136.6893346,0.1990307397,-0.4422886902,-0.8968727415,-0.5412984521,0.8408305333,5.75,1,0.6040405556,15.6,0.605087597,15.9,0.1431127301,1,57,13.1,54,100,9.7625,4.05,0.3320682371,0.2541972645,1,22.2,15.9
day_ahead,2025-11-25 18:00:00+00:00,2025-11-26 07:30:00+00:00,14.27902235,17.85712614,0.06565737123,0.9238795325,-0.3826834324,-0.5839514999,0.8117885475,13.5,1,0.3721797339,-1,-1,4.8,0.3010165071,1,17,42.3,14,80.625,3.0875,0.76625,1.10573461,1.035522448,1,9,4.8
day_ahead,2025-11-25 18:00:00+00:00,2025-11-26 07:45:00+00:00,31.9366692,39.93950821,0.09768794556,0.8968727415,-0.4422886902,-0.5839514999,0.8117885475,13.75,1,0.3721797339,-1,-1,19.5,0.5704761084,1,17,42.3,14,76.875,3.1625,0.72875,1.10573461,1.035522448,1,13.5,19.5
day_ahead,2025-11-25 18:00:00+00:00,2025-11-26 08:00:00+00:00,52.71465207,65.92413462,0.1281365179,0.8660254038,-0.5,-0.5839514999,0.8117885475,14,1,0.3721797339,-1,-1,36,0.650970395,1,87,178.1,57,74.625,3.3375,0.6725,0.815666971,0.8219172926,1,17.1,36
day_ahead,2025-11-25 18:00:00+00:00,2025-11-26 08:15:00+00:00,74.59298824,93.28484596,0.1568726982,0.8314696123,-0.555570233,-0.5839514999,0.8117885475,14.25,1,0.3721797339,-1,-1,35.7,0.4613271332,1,87,178.1,57,73.875,3.6125,0.5975,0.815666971,0.8219172926,1,30.6,35.7
day_ahead,2025-11-25 18:00:00+00:00,2025-11-26 08:30:00+00:00,96.40448448,120.5619683,0.1837734295,0.7933533403,-0.608761429,-0.5839514999,0.8117885475,14.5,1,0.3721797339,-1,-1,54.3,0.546705792,1,87,178.1,57,73.125,3.8875,0.5225,0.815666971,0.8219172926,1,69.9,54.3
day_ahead,2025-11-25 18:00:00+00:00,2025-11-26 08:45:00+00:00,117.4440798,146.8737632,0.208723514,0.7518398075,-0.6593458151,-0.5839514999,0.8117885475,14.75,1,0.3721797339,-1,-1,94.8,0.7871271158,1,87,178.1,57,72.375,4.1625,0.4475,0.815666971,0.8219172926,1,81.9,94.8
day_ahead,2025-11-25 18:00:00+00:00,2025-11-26 09:00:00+00:00,137.2563963,171.650742,0.2316161064,0.7071067812,-0.7071067812,-0.5839514999,0.8117885475,15,1,0.3721797339,-1,-1,43.8,0.3122003564,1,136,219.9,79,71.75,4.3875,0.58375,0.6677729232,0.8052555838,1,34.8,43.8
day_ahead,2025-11-25 18:00:00+00:00,2025-11-26 09:15:00+00:00,155.5280667,194.5010126,0.2523531708,0.6593458151,-0.7518398075,-0.5839514999,0.8117885475,15.25,1,0.3721797339,-1,-1,26.7,0.1683605274,1,136,219.9,79,71.25,4.5625,0.93125,0.6677729232,0.8052555838,1,39.9,26.7
day_ahead,2025-11-25 18:00:00+00:00,2025-11-26 09:30:00+00:00,172.032007,215.140587,0.2708458999,0.608761429,-0.7933533403,-0.5839514999,0.8117885475,15.5,1,0.3721797339,-1,-1,30,0.1713326244,1,136,219.9,79,70.75,4.7375,1.27875,0.6677729232,0.8052555838,1,69.6,30
day_ahead,2025-11-25 18:00:00+00:00,2025-11-26 09:45:00+00:00,186.5973998,233.3558436,0.2870150952,0.555570233,-0.8314696123,-0.5839514999,0.8117885475,15.75,1,0.3721797339,-1,-1,53.4,0.2815612913,1,136,219.9,79,70.25,4.9125,1.62625,0.6677729232,0.8052555838,1,75.3,53.4
day_ahead,2025-11-25 18:00:00+00:00,2025-11-26 10:00:00+00:00,199.0928545,248.9824674,0.3007915054,0.5,-0.8660254038,-0.5839514999,0.8117885475,16,1,0.3721797339,-1,-1,55.5,0.2745681666,1,189,274.1,103,72.25,5.025,1.8675,0.7118186396,0.8244291017,1,60.3,55.5
day_ahead,2025-11-25 18:00:00+00:00,2025-11-26 10:15:00+00:00,209.4166119,261.8932,0.3121161228,0.4422886902,-0.8968727415,-0.5839514999,0.8117885475,16.25,1,0.3721797339,-1,-1,101.4,0.477323631,1,189,274.1,103,76.75,5.075,2.0025,0.7118186396,0.8244291017,1,39.6,101.4
day_ahead,2025-11-25 18:00:00+00:00,2025-11-26 10:30:00+00:00,217.4906814,271.9905073,0.3209404355,0.3826834324,-0.9238795325,-0.5839514999,0.8117885475,16.5,1,0.3721797339,-1,-1,70.8,0.3211224431,1,189,274.1,103,81.25,5.125,2.1375,0.7118186396,0.8244291017,1,39.6,70.8
day_ahead,2025-11-25 18:00:00+00:00,2025-11-26 10:45:00+00:00,223.2572646,279.2021078,0.3272266345,0.3214394653,-0.9469301295,-0.5839514999,0.8117885475,16.75,1,0.3721797339,-1,-1,67.2,0.2970754245,1,189,274.1,103,85.75,5.175,2.2725,0.7118186396,0.8244291017,1,46.2,67.2
day_ahead,2025-11-25 18:00:00+00:00,2025-11-26 11:00:00+00:00,226.6765703,283.4782389,0.3309477757,0.2588190451,-0.9659258263,-0.5839514999,0.8117885475,17,1,0.3721797339,-1,-1,66.3,0.2887870129,1,137,158.4,85,88.25,5.2125,2.2875,0.4849977121,0.6562219653,1,56.4,66.3
day_ahead,2025-11-25 18:00:00+00:00,2025-11-26 11:15:00+00:00,227.7255207,284.7900402,0.3320878946,0.195090322,-0.9807852804,-0.5839514999,0.8117885475,17.25,1,0.3721797339,-1,-1,63.9,0.2771255353,1,137,158.4,85,88.75,5.2375,2.1825,0.4849977121,0.6562219653,1,56.1,63.9
day_ahead,2025-11-25 18:00:00+00:00,2025-11-26 11:30:00+00:00,226.397076,283.1287077,0.3306420745,0.1305261922,-0.9914448614,-0.5839514999,0.8117885475,17.5,1,0.3721797339,-1,-1,112.8,0.4921468028,1,137,158.4,85,89.25,5.2625,2.0775,0.4849977121,0.6562219653,1,60.3,112.8
day_ahead,2025-11-25 18:00:00+00:00,2025-11-26 11:45:00+00:00,222.7000394,278.5052505,0.3266164672,0.06540312923,-0.9978589232,-0.5839514999,0.8117885475,17.75,1,0.3721797339,-1,-1,117.6,0.5216338769,1,137,158.4,85,89.75,5.2875,1.9725,0.4849977121,0.6562219653,1,57.9,117.6
day_ahead,2025-11-25 18:00:00+00:00,2025-11-26 12:00:00+00:00,216.6593059,270.9508018,0.3200282663,1.224646799e-16,-1,-0.5839514999,0.8117885475,18,1,0.3721797339,-1,-1,86.7,0.3952709641,1,132,179,78,89,5.325,1.9425,0.5227262486,0.6637039338,1,26.7,86.7
day_ahead,2025-11-25 18:00:00+00:00,2025-11-26 12:15:00+00:00,208.3166028,260.5175455,0.3109056333,-0.06540312923,-0.9978589232,-0.5839514999,0.8117885475,18.25,1,0.3721797339,-1,-1,92.4,0.4380499742,1,129,126,91,91.125,5.375,2.0875,0.5108461065,0.6099792916,2,43.2,92.4
day_ahead,2025-11-25 18:00:00+00:00,2025-11-26 12:30:00+00:00,197.7318729,247.2804447,0.299287577,-0.1305261922,-0.9914448614,-0.5839514999,0.8117885475,18.5,1,0.3721797339,-1,-1,72.6,0.362492159,1,129,126,91,89.875,5.425,2.0525,0.5108461065,0.6099792916,2,48.3,72.6
day_ahead,2025-11-25 18:00:00+00:00,2025-11-26 12:45:00+00:00,184.9855936,231.3401436,0.2852237859,-0.195090322,-0.9807852804,-0.5839514999,0.8117885475,18.75,1,0.3721797339,-1,-1,53.7,0.2864620178,1,129,126,91,88.625,5.475,2.0175,0.5108461065,0.6099792916,2,45.6,53.7
day_ahead,2025-11-25 18:00:00+00:00,2025-11-26 13:00:00+00:00,170.1825707,212.8277104,0.2687744155,-0.2588190451,-0.9659258263,-0.5839514999,0.8117885475,19,1,0.3721797339,-1,-1,46.8,0.2711839085,1,91,127.1,61,87.125,5.475,1.9375,0.5073989241,0.5670601162,2,51.9,46.8
day_ahead,2025-11-25 18:00:00+00:00,2025-11-26 13:15:00+00:00,153.4581659,191.9124265,0.2500098305,-0.3214394653,-0.9469301295,-0.5839514999,0.8117885475,19.25,1,0.3721797339,-1,-1,51.3,0.3293401677,1,91,127.1,61,85.375,5.425,1.8125,0.5073989241,0.5670601162,2,44.1,51.3
day_ahead,2025-11-25 18:00:00+00:00,2025-11-26 13:30:00+00:00,134.9887332,168.8148375,0.2290103033,-0.3826834324,-0.9238795325,-0.5839514999,0.8117885475,19.5,1,0.3721797339,-1,-1,43.8,0.3192374659,1,91,127.1,61,83.625,5.375,1.6875,0.5073989241,0.5670601162,2,30.3,43.8
day_ahead,2025-11-25 18:00:00+00:00,2025-11-26 13:45:00+00:00,115.0096338,143.8292824,0.2058656701,-0.4422886902,-0.8968727415,-0.5839514999,0.8117885475,19.75,1,0.3721797339,-1,-1,33.9,0.2894554897,1,91,127.1,61,81.875,5.325,1.5625,0.5073989241,0.5670601162,2,23.4,33.9
day_ahead,2025-11-25 18:00:00+00:00,2025-11-26 14:00:00+00:00,93.8474987,117.3642412,0.1806749461,-0.5,-0.8660254038,-0.5839514999,0.8117885475,20,1,0.3721797339,-1,-1,30.3,0.3161835902,1,55,118,39,80.75,5.2375,1.4525,0.7162817669,0.6542040138,2,18.3,30.3
day_ahead,2025-11-25 18:00:00+00:00,2025-11-26 14:15:00+00:00,71.98043367,90.01762532,0.1535459018,-0.555570233,-0.8314696123,-0.5839514999,0.8117885475,20.25,1,0.3721797339,-1,-1,10.2,0.1381894952,1,55,118,39,80.25,5.1125,1.3575,0.7162817669,0.6542040138,2,12.3,10.2
day_ahead,2025-11-25 18:00:00+00:00,2025-11-26 14:30:00+00:00,50.1548358,62.72286768,0.1245946009,-0.608761429,-0.7933533403,-0.5839514999,0.8117885475,20.5,1,0.3721797339,-1,-1,15.9,0.3070203734,1,55,118,39,79.75,4.9875,1.2625,0.7162817669,0.6542040138,2,6.9,15.9
day_ahead,2025-11-25 18:00:00+00:00,2025-11-26 14:45:00+00:00,29.61572132,37.03696643,0.0939449039,-0.6593458151,-0.7518398075,-0.5839514999,0.8117885475,20.75,1,0.3721797339,-1,-1,11.7,0.3777799815,1,55,118,39,79.25,4.8625,1.1675,0.7162817669,0.6542040138,2,6.6,11.7
day_ahead,2025-11-25 18:00:00+00:00,2025-11-26 15:00:00+00:00,12.51973646,15.65699022,0.06172793736,-0.7071067812,-0.7071067812,-0.5839514999,0.8117885475,21,1,0.3721797339,-1,-1,7.2,0.5349357388,1,8,19.1,7,77.875,4.675,1.07125,-1,-1,2,2.7,7.2
day_ahead,2025-11-26 18:00:00+00:00,2025-11-27 07:30:00+00:00,12.72463586,15.91323427,0.06219111015,0.9238795325,-0.3826834324,-0.5699010576,0.8217133226,13.5,1,0.3731116797,-1,-1,9,0.6302952528,1,21,28.9,19,92,-0.1375,1.55625,1.498840695,0.9682986714,1,26.4,9
day_ahead,2025-11-26 18:00:00+00:00,2025-11-27 07:45:00+00:00,29.78773378,37.25208257,0.09421450303,0.8968727415,-0.4422886902,-0.5699010576,0.8217133226,13.75,1,0.3731116797,-1,-1,13.5,0.4227115833,1,21,28.9,19,92,0.0875,1.65875,1.498840695,0.9682986714,1,41.7,13.5
day_ahead,2025-11-26 18:00:00+00:00,2025-11-27 08:00:00+00:00,50.2139309,62.79677112,0.1246607932,0.8660254038,-0.5,-0.5699010576,0.8217133226,14,1,0.3731116797,-1,-1,17.1,0.3243879895,1,70,42.4,63,92.875,0.3875,1.81,0.6780718239,0.502096041,1,36.6,17.1
day_ahead,2025-11-26 18:00:00+00:00,2025-11-27 08:15:00+00:00,71.88264593,89.89533348,0.1533996047,0.8314696123,-0.555570233,-0.5699010576,0.8217133226,14.25,1,0.3731116797,-1,-1,30.6,0.4102262253,1,70,42.4,63,94.625,0.7625,2.01,0.6780718239,0.502096041,1,42.6,30.6
day_ahead,2025-11-26 18:00:00+00:00,2025-11-27 08:30:00+00:00,93.56716447,117.0136595,0.1803078737,0.7933533403,-0.608761429,-0.5699010576,0.8217133226,14.5,1,0.3731116797,-1,-1,69.9,0.7250700046,1,70,42.4,63,96.375,1.1375,2.21,0.6780718239,0.502096041,1,46.8,69.9
day_ahead,2025-11-26 18:00:00+00:00,2025-11-27 08:45:00+00:00,114.5303062,143.2298427,0.2052703742,0.7518398075,-0.6593458151,-0.5699010576,0.8217133226,14.75,1,0.3731116797,-1,-1,81.9,0.6973531587,1,70,42.4,63,98.125,1.5125,2.41,0.6780718239,0.502096041,1,52.2,81.9
day_ahead,2025-11-26 18:00:00+00:00,2025-11-27 09:00:00+00:00,134.2990021,167.9522703,0.2281802116,0.7071067812,-0.7071067812,-0.5699010576,0.8217133226,15,1,0.3731116797,-1,-1,34.8,0.2535400968,1,88,27.4,81,98.875,1.7625,2.6275,0.440123991,0.4829693947,1,69.6,34.8
day_ahead,2025-11-26 18:00:00+00:00,2025-11-27 09:15:00+00:00,152.5497011,190.7763144,0.2489392799,0.6593458151,-0.7518398075,-0.5699010576,0.8217133226,15.25,1,0.3731116797,-1,-1,39.9,0.2565453352,1,88,27.4,81,98.625,1.8875,2.8625,0.440123991,0.4829693947,1,83.1,39.9
day_ahead,2025-11-26 18:00:00+00:00,2025-11-27 09:30:00+00:00,169.0491713,211.4102984,0.267458681,0.608761429,-0.7933533403,-0.5699010576,0.8217133226,15.5,1,0.3731116797,-1,-1,69.6,0.4045758764,1,88,27.4,81,98.375,2.0125,3.0975,0.440123991,0.4829693947,1,111.3,69.6
day_ahead,2025-11-26 18:00:00+00:00,2025-11-27 09:45:00+00:00,183.62271,229.6357422,0.2836591056,0.555570233,-0.8314696123,-0.5699010576,0.8217133226,15.75,1,0.3731116797,-1,-1,75.3,0.4035426007,1,88,27.4,81,98.125,2.1375,3.3325,0.440123991,0.4829693947,1,113.1,75.3
day_ahead,2025-11-26 18:00:00+00:00,2025-11-27 10:00:00+00:00,196.1363638,245.2851255,0.2974711719,0.5,-0.8660254038,-0.5699010576,0.8217133226,16,1,0.3731116797,-1,-1,60.3,0.3028737529,1,107,45.1,93,98,2.275,3.4625,0.4085872856,0.4441000123,1,114.6,60.3
day_ahead,2025-11-26 18:00:00+00:00,2025-11-27 10:15:00+00:00,206.4866148,258.2289906,0.3088357223,0.4422886902,-0.8968727415,-0.5699010576,0.8217133226,16.25,1,0.3731116797,-1,-1,39.6,0.1890967466,1,107,45.1,93,98,2.425,3.4875,0.4085872856,0.4441000123,1,116.4,39.6
day_ahead,2025-11-26 18:00:00+00:00,2025-11-27 10:30:00+00:00,214.594221,268.3682384,0.3177040767,0.3826834324,-0.9238795325,-0.5699010576,0.8217133226,16.5,1,0.3731116797,-1,-1,39.6,0.1820767664,1,107,45.1,93,98,2.575,3.5125,0.4085872856,0.4441000123,1,133.5,39.6
day_ahead,2025-11-26 18:00:00+00:00,2025-11-27 10:45:00+00:00,220.400465,275.629438,0.3240382404,0.3214394653,-0.9469301295,-0.5699010576,0.8217133226,16.75,1,0.3731116797,-1,-1,46.2,0.2069361554,1,107,45.1,93,98,2.725,3.5375,0.4085872856,0.4441000123,1,150.9,46.2
day_ahead,2025-11-26 18:00:00+00:00,2025-11-27 11:00:00+00:00,223.8648646,279.961963,0.3278110661,0.2588190451,-0.9659258263,-0.5699010576,0.8217133226,17,1,0.3731116797,-1,-1,56.4,0.2488126582,1,94,9.2,91,97.875,2.8,3.5375,0.3368467784,0.360258824,1,131.1,56.4
day_ahead,2025-11-26 18:00:00+00:00,2025-11-27 11:15:00+00:00,224.9638158,281.3362944,0.3290063705,0.195090322,-0.9807852804,-0.5699010576,0.8217133226,17.25,1,0.3731116797,-1,-1,56.1,0.2463492007,1,94,9.2,91,97.625,2.8,3.5125,0.3368467784,0.360258824,1,127.5,56.1
day_ahead,2025-11-26 18:00:00+00:00,2025-11-27 11:30:00+00:00,223.6898811,279.7431313,0.3276190026,0.1305261922,-0.9914448614,-0.5699010576,0.8217133226,17.5,1,0.3731116797,-1,-1,60.3,0.2663461961,1,94,9.2,91,97.375,2.8,3.4875,0.3368467784,0.360258824,1,114.9,60.3
day_ahead,2025-11-26 18:00:00+00:00,2025-11-27 11:45:00+00:00,220.0515781,275.1931254,0.3236548658,0.06540312923,-0.9978589232,-0.5699010576,0.8217133226,17.75,1,0.3731116797,-1,-1,57.9,0.2599909733,1,94,9.2,91,97.125,2.8,3.4625,0.3368467784,0.360258824,1,112.8,57.9
day_ahead,2025-11-26 18:00:00+00:00,2025-11-27 12:00:00+00:00,214.0736263,267.7171907,0.3171308925,1.224646799e-16,-1,-0.5699010576,0.8217133226,18,1,0.3731116797,-1,-1,26.7,0.1232349559,1,103,46.8,89,97,2.8375,3.46625,0.4129595198,0.3760738151,1,117,26.7
day_ahead,2025-11-26 18:00:00+00:00,2025-11-27 12:15:00+00:00,205.7977017,257.3674464,0.3080749709,-0.06540312923,-0.9978589232,-0.5699010576,0.8217133226,18.25,1,0.3731116797,-1,-1,43.2,0.2073766537,1,83,20.1,77,98.5,3.55,3.41625,0.3327732053,0.3899727763,2,88.2,43.2
day_ahead,2025-11-26 18:00:00+00:00,2025-11-27 12:30:00+00:00,195.2838515,244.2189868,0.2965258255,-0.1305261922,-0.9914448614,-0.5699010576,0.8217133226,18.5,1,0.3731116797,-1,-1,48.3,0.2442701791,1,83,20.1,77,97.5,3.65,3.39375,0.3327732053,0.3899727763,2,74.1,48.3
day_ahead,2025-11-26 18:00:00+00:00,2025-11-27 12:45:00+00:00,182.6128733,228.372856,0.2825328516,-0.195090322,-0.9807852804,-0.5699010576,0.8217133226,18.75,1,0.3731116797,-1,-1,45.6,0.2465056824,1,83,20.1,77,96.5,3.75,3.37125,0.3327732053,0.3899727763,2,60.6,45.6
day_ahead,2025-11-26 18:00:00+00:00,2025-11-27 13:00:00+00:00,167.8902085,209.9609174,0.2661559026,-0.2588190451,-0.9659258263,-0.5699010576,0.8217133226,19,1,0.3731116797,-1,-1,51.9,0.3049666001,1,41,12.8,38,96.375,3.7875,3.37625,0.2320937535,0.3081374792,2,59.7,51.9
day_ahead,2025-11-26 18:00:00+00:00,2025-11-27 13:15:00+00:00,151.2523434,189.1538586,0.2474650343,-0.3214394653,-0.9469301295,-0.5699010576,0.8217133226,19.25,1,0.3731116797,-1,-1,44.1,0.2873747365,1,41,12.8,38,97.125,3.7625,3.40875,0.2320937535,0.3081374792,2,54.6,44.1
day_ahead,2025-11-26 18:00:00+00:00,2025-11-27 13:30:00+00:00,132.8775469,166.1746203,0.2265402049,-0.3826834324,-0.9238795325,-0.5699010576,0.8217133226,19.5,1,0.3731116797,-1,-1,30.3,0.2244631776,1,41,12.8,38,97.875,3.7375,3.44125,0.2320937535,0.3081374792,2,45.6,30.3
day_ahead,2025-11-26 18:00:00+00:00,2025-11-27 13:45:00+00:00,113.0044312,141.3216069,0.2034709316,-0.4422886902,-0.8968727415,-0.5699010576,0.8217133226,19.75,1,0.3731116797,-1,-1,23.4,0.2034612165,1,41,12.8,38,98.625,3.7125,3.47375,0.2320937535,0.3081374792,2,36.9,23.4
day_ahead,2025-11-26 18:00:00+00:00,2025-11-27 14:00:00+00:00,91.96523579,115.0103121,0.1783559082,-0.5,-0.8660254038,-0.5699010576,0.8217133226,20,1,0.3731116797,-1,-1,18.3,0.1949972056,1,15,0,15,99,3.7,3.48875,0.2005903328,0.3267393643,2,27.3,18.3
day_ahead,2025-11-26 18:00:00+00:00,2025-11-27 14:15:00+00:00,70.24801002,87.8510829,0.1513025819,-0.555570233,-0.8314696123,-0.5699010576,0.8217133226,20.25,1,0.3731116797,-1,-1,12.3,0.1708797707,1,15,0,15,99,3.7,3.48625,0.2005903328,0.3267393643,2,16.5,12.3
day_ahead,2025-11-26 18:00:00+00:00,2025-11-27 14:30:00+00:00,48.61729296,60.80004021,0.1224266934,-0.608761429,-0.7933533403,-0.5699010576,0.8217133226,20.5,1,0.3731116797,-1,-1,6.9,0.1375739725,1,15,0,15,99,3.7,3.48375,0.2005903328,0.3267393643,2,11.1,6.9
day_ahead,2025-11-26 18:00:00+00:00,2025-11-27 14:45:00+00:00,28.35127686,35.4556716,0.09185178114,-0.6593458151,-0.7518398075,-0.5699010576,0.8217133226,20.75,1,0.3731116797,-1,-1,6.6,0.2228546092,1,15,0,15,99,3.7,3.48125,0.2005903328,0.3267393643,2,4.5,6.6
day_ahead,2025-11-26 18:00:00+00:00,2025-11-27 15:00:00+00:00,11.65926072,14.58089247,0.05970865237,-0.7071067812,-0.7071067812,-0.5699010576,0.8217133226,21,1,0.3731116797,-1,-1,2.7,0.2156594916,1,3,0,3,99.125,3.6875,3.4525,-1,-1,2,1.5,2.7
day_ahead,2025-11-27 18:00:00+00:00,2025-11-28 07:30:00+00:00,11.28215916,14.10929504,0.0588005444,0.9238795325,-0.3826834324,-0.5556819725,0.8313949395,13.5,1,0.2972370588,-1,-1,26.4,1.3,1,6,0,6,100,4.9625,2.0525,0.4707385827,0.3164409361,1,3.9,26.4
day_ahead,2025-11-27 18:00:00+00:00,2025-11-28 07:45:00+00:00,27.7358459,34.6860231,0.09081875185,0.8968727415,-0.4422886902,-0.5556819725,0.8313949395,13.75,1,0.2972370588,-1,-1,41.7,1.3,1,6,0,6,100,4.9875,2.0775,0.4707385827,0.3164409361,1,5.4,41.7
day_ahead,2025-11-27 18:00:00+00:00,2025-11-28 08:00:00+00:00,47.80092728,59.77910583,0.1212647891,0.8660254038,-0.5,-0.5556819725,0.8313949395,14,1,0.2972370588,-1,-1,36.6,0.7288813949,1,24,6.2,23,99.875,5.0375,2.11125,0.2402133696,0.1831626944,1,7.2,36.6
day_ahead,2025-11-27 18:00:00+00:00,2025-11-28 08:15:00+00:00,69.2556415,86.61004207,0.1500082858,0.8314696123,-0.555570233,-0.5556819725,0.8313949395,14.25,1,0.2972370588,-1,-1,42.6,0.592632609,1,24,6.2,23,99.625,5.1125,2.15375,0.2402133696,0.1831626944,1,11.4,42.6
day_ahead,2025-11-27 18:00:00+00:00,2025-11-28 08:30:00+00:00,90.81157885,113.5675664,0.176926162,0.7933533403,-0.608761429,-0.5556819725,0.8313949395,14.5,1,0.2972370588,-1,-1,46.8,0.500175465,1,24,6.2,23,99.375,5.1875,2.19625,0.2402133696,0.1831626944,1,16.8,46.8
day_ahead,2025-11-27 18:00:00+00:00,2025-11-28 08:45:00+00:00,111.6981451,139.6879855,0.2019031547,0.7518398075,-0.6593458151,-0.5556819725,0.8313949395,14.75,1,0.2972370588,-1,-1,52.2,0.4557745609,1,24,6.2,23,99.125,5.2625,2.23875,0.2402133696,0.1831626944,1,25.2,52.2
day_ahead,2025-11-27 18:00:00+00:00,2025-11-28 09:00:00+00:00,131.4239026,164.356715,0.224832311,0.7071067812,-0.7071067812,-0.5556819725,0.8313949395,15,1,0.2972370588,-1,-1,69.6,0.518246591,1,23,0,23,99.125,5.325,2.28625,0.1171493502,0.1393907486,1,38.7,69.6
day_ahead,2025-11-27 18:00:00+00:00,2025-11-28 09:15:00+00:00,149.6547596,187.1559449,0.2456154458,0.6593458151,-0.7518398075,-0.5556819725,0.8313949395,15.25,1,0.2972370588,-1,-1,83.1,0.5447404969,1,23,0,23,99.375,5.375,2.33875,0.1171493502,0.1393907486,1,54,83.1
day_ahead,2025-11-27 18:00:00+00:00,2025-11-28 09:30:00+00:00,166.1511409,207.7860661,0.2641635616,0.608761429,-0.7933533403,-0.5556819725,0.8313949395,15.5,1,0.2972370588,-1,-1,111.3,0.6583883206,1,23,0,23,99.625,5.425,2.39125,0.1171493502,0.1393907486,1,44.1,111.3
day_ahead,2025-11-27 18:00:00+00:00,2025-11-28 09:45:00+00:00,180.7343459,226.0235984,0.2803972292,0.555570233,-0.8314696123,-0.5556819725,0.8313949395,15.75,1,0.2972370588,-1,-1,113.1,0.6159368849,1,23,0,23,99.875,5.475,2.44375,0.1171493502,0.1393907486,1,35.7,113.1
day_ahead,2025-11-27 18:00:00+00:00,2025-11-28 10:00:00+00:00,193.2677894,241.6977305,0.2942469275,0.5,-0.8660254038,-0.5556819725,0.8313949395,16,1,0.2972370588,-1,-1,114.6,0.5842873692,1,33,3.3,32,100,5.525,2.455,0.1277328103,0.1398609762,1,46.5,114.6
day_ahead,2025-11-27 18:00:00+00:00,2025-11-28 10:15:00+00:00,203.64615,254.6767489,0.3056533408,0.4422886902,-0.8968727415,-0.5556819725,0.8313949395,16.25,1,0.2972370588,-1,-1,116.4,0.5637169271,1,33,3.3,32,100,5.575,2.425,0.1277328103,0.1398609762,1,51.6,116.4
day_ahead,2025-11-27 18:00:00+00:00,2025-11-28 10:30:00+00:00,211.7889024,264.8599501,0.3145676125,0.3826834324,-0.9238795325,-0.5556819725,0.8313949395,16.5,1,0.2972370588,-1,-1,133.5,0.6221043577,1,33,3.3,32,100,5.625,2.395,0.1277328103,0.1398609762,1,57.3,133.5
day_ahead,2025-11-27 18:00:00+00:00,2025-11-28 10:45:00+00:00,217.636387,272.1727245,0.3209515536,0.3214394653,-0.9469301295,-0.5556819725,0.8313949395,16.75,1,0.2972370588,-1,-1,150.9,0.6846628022,1,33,3.3,32,100,5.675,2.365,0.1277328103,0.1398609762,1,53.1,150.9
day_ahead,2025-11-27 18:00:00+00:00,2025-11-28 11:00:00+00:00,221.1474108,276.5635569,0.3247778063,0.2588190451,-0.9659258263,-0.5556819725,0.8313949395,17,1,0.2972370588,-1,-1,131.1,0.5856211524,1,46,9.3,43,100,5.7875,2.40875,0.1668103863,0.1723707325,1,40.2,131.1
day_ahead,2025-11-27 18:00:00+00:00,2025-11-28 11:15:00+00:00,222.2978264,278.0022491,0.3260299606,0.195090322,-0.9807852804,-0.5556819725,0.8313949395,17.25,1,0.2972370588,-1,-1,127.5,0.566757812,1,46,9.3,43,100,5.9625,2.52625,0.1668103863,0.1723707325,1,37.2,127.5
day_ahead,2025-11-27 18:00:00+00:00,2025-11-28 11:30:00+00:00,221.0797831,276.4789828,0.3247026243,0.1305261922,-0.9914448614,-0.5556819725,0.8313949395,17.5,1,0.2972370588,-1,-1,114.9,0.5136575666,1,46,9.3,43,100,6.1375,2.64375,0.1668103863,0.1723707325,1,33.9,114.9
day_ahead,2025-11-27 18:00:00+00:00,2025-11-28 11:45:00+00:00,217.5014965,272.0040325,0.3208014456,0.06540312923,-0.9978589232,-0.5556819725,0.8313949395,17.75,1,0.2972370588,-1,-1,112.8,0.5126070941,1,46,9.3,43,100,6.3125,2.76125,0.1668103863,0.1723707325,1,32.7,112.8
day_ahead,2025-11-27 18:00:00+00:00,2025-11-28 12:00:00+00:00,211.5874936,264.6080713,0.3143430892,1.224646799e-16,-1,-0.5556819725,0.8313949395,18,1,0.2972370588,-1,-1,117,0.5465409355,1,30,3.4,29,100,6.4125,2.84375,0.1217323846,0.1571700344,1,31.5,117
day_ahead,2025-11-27 18:00:00+00:00,2025-11-28 12:15:00+00:00,203.3793794,254.3431297,0.3053551638,-0.06540312923,-0.9978589232,-0.5556819725,0.8313949395,18.25,1,0.2972370588,-1,-1,88.2,0.4285762148,1,40,0,40,100,6.075,2.92,0.1623098462,0.1340408813,2,33.9,88.2
day_ahead,2025-11-27 18:00:00+00:00,2025-11-28 12:30:00+00:00,192.9372832,241.2844044,0.2938761046,-0.1305261922,-0.9914448614,-0.5556819725,0.8313949395,18.5,1,0.2972370588,-1,-1,74.1,0.3794476575,1,40,0,40,100,6.125,2.88,0.1623098462,0.1340408813,2,39.3,74.1
day_ahead,2025-11-27 18:00:00+00:00,2025-11-28 12:45:00+00:00,180.3422936,225.5333038,0.279955008,-0.195090322,-0.9807852804,-0.5556819725,0.8313949395,18.75,1,0.2972370588,-1,-1,60.6,0.3318495509,1,40,0,40,100,6.175,2.84,0.1623098462,0.1340408813,2,34.2,60.6
day_ahead,2025-11-27 18:00:00+00:00,2025-11-28 13:00:00+00:00,165.7004503,207.2224393,0.2636514211,-0.2588190451,-0.9659258263,-0.5556819725,0.8313949395,19,1,0.2972370588,-1,-1,59.7,0.3555895279,1,22,0,22,100,6.2125,2.8075,0.1263731381,0.1133528754,2,29.7,59.7
day_ahead,2025-11-27 18:00:00+00:00,2025-11-28 13:15:00+00:00,149.149312,186.5238399,0.245035087,-0.3214394653,-0.9469301295,-0.5556819725,0.8313949395,19.25,1,0.2972370588,-1,-1,54.6,0.3609861427,1,22,0,22,100,6.2375,2.7825,0.1263731381,0.1133528754,2,22.8,54.6
day_ahead,2025-11-27 18:00:00+00:00,2025-11-28 13:30:00+00:00,130.8689881,163.6627475,0.2241856456,-0.3826834324,-0.9238795325,-0.5556819725,0.8313949395,19.5,1,0.2972370588,-1,-1,45.6,0.3431731023,1,22,0,22,100,6.2625,2.7575,0.1263731381,0.1133528754,2,16.8,45.6
day_ahead,2025-11-27 18:00:00+00:00,2025-11-28 13:45:00+00:00,111.1012276,138.9414897,0.2011922926,-0.4422886902,-0.8968727415,-0.5556819725,0.8313949395,19.75,1,0.2972370588,-1,-1,36.9,0.3265358676,1,22,0,22,100,6.2875,2.7325,0.1263731381,0.1133528754,2,15.9,36.9
day_ahead,2025-11-27 18:00:00+00:00,2025-11-28 14:00:00+00:00,90.1836962,112.782346,0.1761533979,-0.5,-0.8660254038,-0.5556819725,0.8313949395,20,1,0.2972370588,-1,-1,27.3,0.2968513022,1,11,0,11,100,6.3125,2.7125,0.1509069608,0.1705705951,2,14.7,27.3
day_ahead,2025-11-27 18:00:00+00:00,2025-11-28 14:15:00+00:00,68.61407652,85.80771076,0.1491760837,-0.555570233,-0.8314696123,-0.5556819725,0.8313949395,20.25,1,0.2972370588,-1,-1,16.5,0.2348820984,1,11,0,11,100,6.3375,2.6975,0.1509069608,0.1705705951,2,11.4,16.5
day_ahead,2025-11-27 18:00:00+00:00,2025-11-28 14:30:00+00:00,47.17447184,58.99567027,0.1203757662,-0.608761429,-0.7933533403,-0.5556819725,0.8313949395,20.5,1,0.2972370588,-1,-1,11.1,0.2283138226,1,11,0,11,100,6.3625,2.6825,0.1509069608,0.1705705951,2,6.9,11.1
day_ahead,2025-11-27 18:00:00+00:00,2025-11-28 14:45:00+00:00,27.17501261,33.98465358,0.08987566116,-0.6593458151,-0.7518398075,-0.5556819725,0.8313949395,20.75,1,0.2972370588,-1,-1,4.5,0.15872301,1,11,0,11,100,6.3875,2.6675,0.1509069608,0.1705705951,2,6.3,4.5
day_ahead,2025-11-27 18:00:00+00:00,2025-11-28 15:00:00+00:00,10.87430251,13.59923578,0.05780625665,-0.7071067812,-0.7071067812,-0.5556819725,0.8313949395,21,1,0.2972370588,-1,-1,1.5,0.1286530969,1,1,0,1,100,6.4,2.63625,-1,-1,2,1.5,1.5
day_ahead,2025-11-28 18:00:00+00:00,2025-11-29 07:30:00+00:00,9.950355782,12.44376219,0.0554876183,0.9238795325,-0.3826834324,-0.5412984521,0.8408305333,13.5,1,0.5151068946,-1,-1,3.9,0.3456785129,1,6,0,6,100,7.8625,2.6625,0.518281269,0.5067639075,1,6,3.9
day_ahead,2025-11-28 18:00:00+00:00,2025-11-29 07:45:00+00:00,25.78139112,32.24181195,0.08750265376,0.8968727415,-0.4422886902,-0.5412984521,0.8408305333,13.75,1,0.5151068946,-1,-1,5.4,0.1946938997,1,6,0,6,100,7.8875,2.8475,0.518281269,0.5067639075,1,15.6,5.4
day_ahead,2025-11-28 18:00:00+00:00,2025-11-29 08:00:00+00:00,45.47649515,56.8722067,0.1179504797,0.8660254038,-0.5,-0.5412984521,0.8408305333,14,1,0.5151068946,-1,-1,7.2,0.1506246931,1,28,6.3,27,100,7.9375,2.94875,0.2895719518,0.2678540555,1,14.1,7.2
day_ahead,2025-11-28 18:00:00+00:00,2025-11-29 08:15:00+00:00,66.71307993,83.4303536,0.1467007223,0.8314696123,-0.555570233,-0.5412984521,0.8408305333,14.25,1,0.5151068946,-1,-1,11.4,0.1646075288,1,28,6.3,27,100,8.0125,2.96625,0.2895719518,0.2678540555,1,25.5,11.4
day_ahead,2025-11-28 18:00:00+00:00,2025-11-29 08:30:00+00:00,88.13900533,110.225287,0.173630277,0.7933533403,-0.608761429,-0.5412984521,0.8408305333,14.5,1,0.5151068946,-1,-1,16.8,0.1849984354,1,28,6.3,27,100,8.0875,2.98375,0.2895719518,0.2678540555,1,21.9,16.8
day_ahead,2025-11-28 18:00:00+00:00,2025-11-29 08:45:00+00:00,108.9489979,136.2499442,0.1986238347,0.7518398075,-0.6593458151,-0.5412984521,0.8408305333,14.75,1,0.5151068946,-1,-1,25.2,0.2256080437,1,28,6.3,27,100,8.1625,3.00125,0.2895719518,0.2678540555,1,31.2,25.2
day_ahead,2025-11-28 18:00:00+00:00,2025-11-29 09:00:00+00:00,128.6325861,160.8659375,0.2215743753,0.7071067812,-0.7071067812,-0.5412984521,0.8408305333,15,1,0.5151068946,-1,-1,38.7,0.2944669824,1,54,20,49,99.375,8.2625,3.08,0.2800470146,0.2738237476,1,40.2,38.7
day_ahead,2025-11-28 18:00:00+00:00,2025-11-29 09:15:00+00:00,146.8447894,183.6418393,0.2423836256,0.6593458151,-0.7518398075,-0.5412984521,0.8408305333,15.25,1,0.5151068946,-1,-1,54,0.3608304884,1,54,20,49,98.125,8.3875,3.22,0.2800470146,0.2738237476,1,52.5,54
day_ahead,2025-11-28 18:00:00+00:00,2025-11-29 09:30:00+00:00,163.3394995,204.2698706,0.2609624796,0.608761429,-0.7933533403,-0.5412984521,0.8408305333,15.5,1,0.5151068946,-1,-1,44.1,0.2654209881,1,54,20,49,96.875,8.5125,3.36,0.2800470146,0.2738237476,1,84.9,44.1
day_ahead,2025-11-28 18:00:00+00:00,2025-11-29 09:45:00+00:00,177.9339097,222.5214159,0.2772313798,0.555570233,-0.8314696123,-0.5412984521,0.8408305333,15.75,1,0.5151068946,-1,-1,35.7,0.1975274806,1,54,20,49,95.625,8.6375,3.5,0.2800470146,0.2738237476,1,80.7,35.7
day_ahead,2025-11-28 18:00:00+00:00,2025-11-29 10:00:00+00:00,190.4887374,238.2222906,0.2911206573,0.5,-0.8660254038,-0.5412984521,0.8408305333,16,1,0.5151068946,-1,-1,46.5,0.2405988092,1,66,26.3,58,95.625,8.7,3.545,0.2588838648,0.2590146142,1,142.5,46.5
day_ahead,2025-11-28 18:00:00+00:00,2025-11-29 10:15:00+00:00,200.8968144,251.2384719,0.3025708296,0.4422886902,-0.8968727415,-0.5412984521,0.8408305333,16.25,1,0.5151068946,-1,-1,51.6,0.2533806802,1,66,26.3,58,96.875,8.7,3.495,0.2588838648,0.2590146142,1,53.1,51.6
day_ahead,2025-11-28 18:00:00+00:00,2025-11-29 10:30:00+00:00,209.0763028,261.4676146,0.3115328554,0.3826834324,-0.9238795325,-0.5412984521,0.8408305333,16.5,1,0.5151068946,-1,-1,57.3,0.2705524196,1,66,26.3,58,98.125,8.7,3.445,0.2588838648,0.2590146142,1,28.8,57.3
day_ahead,2025-11-28 18:00:00+00:00,2025-11-29 10:45:00+00:00,214.9665776,268.8339019,0.3179683439,0.3214394653,-0.9469301295,-0.5412984521,0.8408305333,16.75,1,0.5151068946,-1,-1,53.1,0.2439849362,1,66,26.3,58,99.375,8.7,3.395,0.2588838648,0.2590146142,1,36,53.1
day_ahead,2025-11-28 18:00:00+00:00,2025-11-29 11:00:00+00:00,218.5257169,273.2849068,0.3218497188,0.2588190451,-0.9659258263,-0.5412984521,0.8408305333,17,1,0.5151068946,-1,-1,40.2,0.1817792027,1,66,9.4,63,100,8.75,3.4625,0.2421235765,0.318918327,1,38.7,40.2
day_ahead,2025-11-28 18:00:00+00:00,2025-11-29 11:15:00+00:00,219.7290135,274.7897311,0.3231603362,0.195090322,-0.9807852804,-0.5412984521,0.8408305333,17.25,1,0.5151068946,-1,-1,37.2,0.1673430667,1,66,9.4,63,100,8.85,3.6475,0.2421235765,0.318918327,1,33.6,37.2
day_ahead,2025-11-28 18:00:00+00:00,2025-11-29 11:30:00+00:00,218.5681871,273.3380194,0.3218945555,0.1305261922,-0.9914448614,-0.5412984521,0.8408305333,17.5,1,0.5151068946,-1,-1,33.9,0.1533383086,1,66,9.4,63,100,8.95,3.8325,0.2421235765,0.318918327,1,30,33.9
day_ahead,2025-11-28 18:00:00+00:00,2025-11-29 11:45:00+00:00,215.0511356,268.9396488,0.3180577635,0.06540312923,-0.9978589232,-0.5412984521,0.8408305333,17.75,1,0.5151068946,-1,-1,32.7,0.1503437931,1,66,9.4,63,100,9.05,4.0175,0.2421235765,0.318918327,1,54,32.7
day_ahead,2025-11-28 18:00:00+00:00,2025-11-29 12:00:00+00:00,209.2021758,261.6250295,0.3116663507,1.224646799e-16,-1,-0.5412984521,0.8408305333,18,1,0.5151068946,-1,-1,31.5,0.1488745836,1,61,13.6,57,100,9.15,4.05875,0.2504177319,0.2903750968,1,99.6,31.5
day_ahead,2025-11-28 18:00:00+00:00,2025-11-29 12:15:00+00:00,201.0628221,251.4460786,0.3027476411,-0.06540312923,-0.9978589232,-0.5412984521,0.8408305333,18.25,1,0.5151068946,-1,-1,33.9,0.166683565,1,84,68,64,95.75,8.55,3.05,0.3448375325,0.2749121439,2,116.1,33.9
day_ahead,2025-11-28 18:00:00+00:00,2025-11-29 12:30:00+00:00,190.6932611,238.4780648,0.2913397748,-0.1305261922,-0.9914448614,-0.5412984521,0.8408305333,18.5,1,0.5151068946,-1,-1,39.3,0.2036931346,1,84,68,64,94.25,8.65,2.91,0.3448375325,0.2749121439,2,73.8,39.3
day_ahead,2025-11-28 18:00:00+00:00,2025-11-29 12:45:00+00:00,178.174842,222.8227221,0.2774915448,-0.195090322,-0.9807852804,-0.5412984521,0.8408305333,18.75,1,0.5151068946,-1,-1,34.2,0.1896393758,1,84,68,64,92.75,8.75,2.77,0.3448375325,0.2749121439,2,56.1,34.2
day_ahead,2025-11-28 18:00:00+00:00,2025-11-29 13:00:00+00:00,163.6141615,204.6133586,0.2612621876,-0.2588190451,-0.9659258263,-0.5412984521,0.8408305333,19,1,0.5151068946,-1,-1,29.7,0.1792391025,1,87,109.1,62,92.875,8.825,2.775,0.5068409934,0.3701298596,2,58.5,29.7
day_ahead,2025-11-28 18:00:00+00:00,2025-11-29 13:15:00+00:00,147.1497934,184.0232726,0.2427211298,-0.3214394653,-0.9469301295,-0.5412984521,0.8408305333,19.25,1,0.5151068946,-1,-1,22.8,0.1528669471,1,87,109.1,62,94.625,8.875,2.925,0.5068409934,0.3701298596,2,46.2,22.8
day_ahead,2025-11-28 18:00:00+00:00,2025-11-29 13:30:00+00:00,128.9636027,161.2799018,0.2219476899,-0.3826834324,-0.9238795325,-0.5412984521,0.8408305333,19.5,1,0.5151068946,-1,-1,16.8,0.1283726591,1,87,109.1,62,96.375,8.925,3.075,0.5068409934,0.3701298596,2,34.2,16.8
day_ahead,2025-11-28 18:00:00+00:00,2025-11-29 13:45:00+00:00,109.3003459,136.6893346,0.1990307397,-0.4422886902,-0.8968727415,-0.5412984521,0.8408305333,19.75,1,0.5151068946,-1,-1,15.9,0.1431127301,1,87,109.1,62,98.125,8.975,3.225,0.5068409934,0.3701298596,2,22.2,15.9
day_ahead,2025-11-28 18:00:00+00:00,2025-11-29 14:00:00+00:00,88.50290396,110.680373,0.1740683228,-0.5,-0.8660254038,-0.5412984521,0.8408305333,20,1,0.5151068946,-1,-1,14.7,0.1630006378,1,37,23.1,34,99.125,8.975,3.275,0.5202162509,0.3838352338,2,14.1,14.7
day_ahead,2025-11-28 18:00:00+00:00,2025-11-29 14:15:00+00:00,67.07823015,83.88700486,0.1471672349,-0.555570233,-0.8314696123,-0.5412984521,0.8408305333,20.25,1,0.5151068946,-1,-1,11.4,0.1661466652,1,37,23.1,34,99.375,8.925,3.225,0.5202162509,0.3838352338,2,16.2,11.4
day_ahead,2025-11-28 18:00:00+00:00,2025-11-29 14:30:00+00:00,45.82531512,57.30843559,0.118442567,-0.608761429,-0.7933533403,-0.5412984521,0.8408305333,20.5,1,0.5151068946,-1,-1,6.9,0.1462655485,1,37,23.1,34,99.625,8.875,3.175,0.5202162509,0.3838352338,2,19.5,6.9
day_ahead,2025-11-28 18:00:00+00:00,2025-11-29 14:45:00+00:00,26.08480619,32.62125817,0.08801721192,-0.6593458151,-0.7518398075,-0.5412984521,0.8408305333,20.75,1,0.5151068946,-1,-1,6.3,0.2318306192,1,37,23.1,34,99.875,8.825,3.125,0.5202162509,0.3838352338,2,12.9,6.3
day_ahead,2025-11-28 18:00:00+00:00,2025-11-29 15:00:00+00:00,10.16102143,12.70721741,0.0560213387,-0.7071067812,-0.7071067812,-0.5412984521,0.8408305333,21,1,0.5151068946,-1,-1,1.5,0.1379398815,1,3,0,3,100,8.7625,3.07625,-1,-1,2,5.4,1.5
day_ahead,2025-11-29 18:00:00+00:00,2025-11-30 07:30:00+00:00,8.727380761,10.9143284,0.05225424282,0.9238795325,-0.3826834324,-0.5267547528,0.8500173118,13.5,1,0.2001110877,-1,-1,6,0.6029935142,1,7,0,7,98.625,7.7125,1.97,0.6666872667,0.869868148,1,1.8,6
day_ahead,2025-11-29 18:00:00+00:00,2025-11-30 07:45:00+00:00,23.924448,29.91954739,0.08426813529,0.8968727415,-0.4422886902,-0.5267547528,0.8500173118,13.75,1,0.2001110877,-1,-1,15.6,0.605087597,1,7,0,7,98.875,7.6375,1.97,0.6666872667,0.869868148,1,14.1,15.6
day_ahead,2025-11-29 18:00:00+00:00,2025-11-30 08:00:00+00:00,43.2412976,54.07690295,0.1147198019,0.8660254038,-0.5,-0.5267547528,0.8500173118,14,1,0.2001110877,-1,-1,14.1,0.3100502788,1,50,12.9,48,99.125,7.6,2.00625,0.5342736036,0.5324926916,1,16.2,14.1
day_ahead,2025-11-29 18:00:00+00:00,2025-11-30 08:15:00+00:00,64.2559312,80.35748112,0.1434788567,0.8314696123,-0.555570233,-0.5267547528,0.8500173118,14.25,1,0.2001110877,-1,-1,25.5,0.3822338892,1,50,12.9,48,99.375,7.6,2.07875,0.5342736036,0.5324926916,1,16.5,25.5
day_ahead,2025-11-29 18:00:00+00:00,2025-11-30 08:30:00+00:00,85.55061732,106.9882887,0.1704221613,0.7933533403,-0.608761429,-0.5267547528,0.8500173118,14.5,1,0.2001110877,-1,-1,21.9,0.2484711498,1,50,12.9,48,99.625,7.6,2.15125,0.5342736036,0.5324926916,1,19.8,21.9
day_ahead,2025-11-29 18:00:00+00:00,2025-11-30 08:45:00+00:00,106.2841795,132.9173632,0.1954343515,0.7518398075,-0.6593458151,-0.5267547528,0.8500173118,14.75,1,0.2001110877,-1,-1,31.2,0.2863725285,1,50,12.9,48,99.875,7.6,2.22375,0.5342736036,0.5324926916,1,32.4,31.2
day_ahead,2025-11-29 18:00:00+00:00,2025-11-30 09:00:00+00:00,125.9264656,157.4817047,0.2184083314,0.7071067812,-0.7071067812,-0.5267547528,0.8500173118,15,1,0.2001110877,-1,-1,40.2,0.3125180113,1,104,32.5,96,100,7.6,2.2775,0.5490210584,0.5435660414,1,28.2,40.2
day_ahead,2025-11-29 18:00:00+00:00,2025-11-30 09:15:00+00:00,144.1212688,180.2358463,0.2392457306,0.6593458151,-0.7518398075,-0.5267547528,0.8500173118,15.25,1,0.2001110877,-1,-1,52.5,0.3575203467,1,104,32.5,96,100,7.6,2.3125,0.5490210584,0.5435660414,1,32.4,52.5
day_ahead,2025-11-29 18:00:00+00:00,2025-11-30 09:30:00+00:00,160.6157664,200.8636117,0.2578573261,0.608761429,-0.7933533403,-0.5267547528,0.8500173118,15.5,1,0.2001110877,-1,-1,84.9,0.5197762956,1,104,32.5,96,100,7.6,2.3475,0.5490210584,0.5435660414,1,44.7,84.9
day_ahead,2025-11-29 18:00:00+00:00,2025-11-30 09:45:00+00:00,175.2229419,219.1311211,0.2741634232,0.555570233,-0.8314696123,-0.5267547528,0.8500173118,15.75,1,0.2001110877,-1,-1,80.7,0.4535391827,1,104,32.5,96,100,7.6,2.3825,0.5490210584,0.5435660414,1,40.5,80.7
day_ahead,2025-11-29 18:00:00+00:00,2025-11-30 10:00:00+00:00,187.8007531,234.8607388,0.2880941966,0.5,-0.8660254038,-0.5267547528,0.8500173118,16,1,0.2001110877,-1,-1,142.5,0.7480757233,1,132,69.6,111,100,7.6125,2.45,0.5245459787,0.5013652852,1,51.6,142.5
day_ahead,2025-11-29 18:00:00+00:00,2025-11-30 10:15:00+00:00,198.2401453,247.9160825,0.2995899891,0.4422886902,-0.8968727415,-0.5267547528,0.8500173118,16.25,1,0.2001110877,-1,-1,53.1,0.2643147935,1,132,69.6,111,100,7.6375,2.55,0.5245459787,0.5013652852,1,51,53.1
day_ahead,2025-11-29 18:00:00+00:00,2025-11-30 10:30:00+00:00,206.4579399,258.1931302,0.3086015664,0.3826834324,-0.9238795325,-0.5267547528,0.8500173118,16.5,1,0.2001110877,-1,-1,28.8,0.137748753,1,132,69.6,111,100,7.6625,2.65,0.5245459787,0.5013652852,1,73.5,28.8
day_ahead,2025-11-29 18:00:00+00:00,2025-11-30 10:45:00+00:00,212.3925251,265.6148314,0.3150903281,0.3214394653,-0.9469301295,-0.5267547528,0.8500173118,16.75,1,0.2001110877,-1,-1,36,0.1674678938,1,132,69.6,111,100,7.6875,2.75,0.5245459787,0.5013652852,1,88.8,36
day_ahead,2025-11-29 18:00:00+00:00,2025-11-30 11:00:00+00:00,216.0012323,270.1278252,0.319028472,0.2588190451,-0.9659258263,-0.5267547528,0.8500173118,17,1,0.2001110877,-1,-1,38.7,0.177095861,1,132,82,106,100,7.7375,2.845,0.4897269482,0.4966523798,1,80.7,38.7
day_ahead,2025-11-29 18:00:00+00:00,2025-11-30 11:15:00+00:00,217.2587785,271.7004931,0.3203991132,0.195090322,-0.9807852804,-0.5267547528,0.8500173118,17.25,1,0.2001110877,-1,-1,33.6,0.1529156276,1,132,82,106,100,7.8125,2.935,0.4897269482,0.4966523798,1,79.2,33.6
day_ahead,2025-11-29 18:00:00+00:00,2025-11-30 11:30:00+00:00,216.1564387,270.3219239,0.3191963564,0.1305261922,-0.9914448614,-0.5267547528,0.8500173118,17.5,1,0.2001110877,-1,-1,30,0.1372569375,1,132,82,106,100,7.8875,3.025,0.4897269482,0.4966523798,1,83.7,30
day_ahead,2025-11-29 18:00:00+00:00,2025-11-30 11:45:00+00:00,212.7017768,266.0015767,0.31542532,0.06540312923,-0.9978589232,-0.5267547528,0.8500173118,17.75,1,0.2001110877,-1,-1,54,0.2511030684,1,132,82,106,100,7.9625,3.115,0.4897269482,0.4966523798,1,75,54
day_ahead,2025-11-29 18:00:00+00:00,2025-11-30 12:00:00+00:00,206.9188817,258.7695769,0.3091021147,1.224646799e-16,-1,-0.5267547528,0.8500173118,18,1,0.2001110877,-1,-1,99.6,0.4760944747,1,122,61.7,104,99.875,7.9875,3.16,0.5064915972,0.5307090916,1,57.9,99.6
day_ahead,2025-11-29 18:00:00+00:00,2025-11-30 12:15:00+00:00,198.8491561,248.677702,0.3002537742,-0.06540312923,-0.9978589232,-0.5267547528,0.8500173118,18.25,1,0.2001110877,-1,-1,116.1,0.5774314655,1,139,75.5,117,99,6.9625,2.30625,0.5770682952,0.6297932401,2,51,116.1
day_ahead,2025-11-29 18:00:00+00:00,2025-11-30 12:30:00+00:00,188.552819,235.8012608,0.2889181388,-0.1305261922,-0.9914448614,-0.5267547528,0.8500173118,18.5,1,0.2001110877,-1,-1,73.8,0.3870089566,1,139,75.5,117,99,6.9375,2.22375,0.5770682952,0.6297932401,2,44.4,73.8
day_ahead,2025-11-29 18:00:00+00:00,2025-11-30 12:45:00+00:00,176.1114468,220.2422718,0.2751436936,-0.195090322,-0.9807852804,-0.5267547528,0.8500173118,18.75,1,0.2001110877,-1,-1,56.1,0.3148592661,1,139,75.5,117,99,6.9125,2.14125,0.5770682952,0.6297932401,2,47.7,56.1
day_ahead,2025-11-29 18:00:00+00:00,2025-11-30 13:00:00+00:00,161.6321488,202.1346839,0.2589893605,-0.2588190451,-0.9659258263,-0.5267547528,0.8500173118,19,1,0.2001110877,-1,-1,58.5,0.3575485122,1,121,110.1,96,99.125,6.925,1.94,0.7145178704,0.7765214873,2,59.1,58.5
day_ahead,2025-11-29 18:00:00+00:00,2025-11-30 13:15:00+00:00,145.2544506,181.6529861,0.2405242459,-0.3214394653,-0.9469301295,-0.5267547528,0.8500173118,19.25,1,0.2001110877,-1,-1,46.2,0.3139657823,1,121,110.1,96,99.375,6.975,1.62,0.7145178704,0.7765214873,2,46.8,46.2
day_ahead,2025-11-29 18:00:00+00:00,2025-11-30 13:30:00+00:00,127.1618793,159.0266941,0.2198273447,-0.3826834324,-0.9238795325,-0.5267547528,0.8500173118,19.5,1,0.2001110877,-1,-1,34.2,0.2651911026,1,121,110.1,96,99.625,7.025,1.3,0.7145178704,0.7765214873,2,26.1,34.2
day_ahead,2025-11-29 18:00:00+00:00,2025-11-30 13:45:00+00:00,107.6020525,134.5654749,0.1969872018,-0.4422886902,-0.8968727415,-0.5267547528,0.8500173118,19.75,1,0.2001110877,-1,-1,22.2,0.2031100618,1,121,110.1,96,99.875,7.075,0.98,0.7145178704,0.7765214873,2,24,22.2
day_ahead,2025-11-29 18:00:00+00:00,2025-11-30 14:00:00+00:00,86.92282801,108.7043543,0.1721015329,-0.5,-0.8660254038,-0.5267547528,0.8500173118,20,1,0.2001110877,-1,-1,14.1,0.1593168062,1,67,93.8,55,98,7.025,0.87,0.9644017538,0.9476086885,2,12.9,14.1
day_ahead,2025-11-29 18:00:00+00:00,2025-11-30 14:15:00+00:00,65.64001459,82.08839456,0.1452768066,-0.555570233,-0.8314696123,-0.5267547528,0.8500173118,20.25,1,0.2001110877,-1,-1,16.2,0.2415090554,1,67,93.8,55,94,6.875,0.97,0.9644017538,0.9476086885,2,24.3,16.2
day_ahead,2025-11-29 18:00:00+00:00,2025-11-30 14:30:00+00:00,44.5687157,55.73695164,0.1166277876,-0.608761429,-0.7933533403,-0.5267547528,0.8500173118,20.5,1,0.2001110877,-1,-1,19.5,0.4255289887,1,67,93.8,55,90,6.725,1.07,0.9644017538,0.9476086885,2,21.6,19.5
day_ahead,2025-11-29 18:00:00+00:00,2025-11-30 14:45:00+00:00,25.07849799,31.36278459,0.08627704615,-0.6593458151,-0.7518398075,-0.5267547528,0.8500173118,20.75,1,0.2001110877,-1,-1,12.9,0.4945407648,1,67,93.8,55,86,6.575,1.17,0.9644017538,0.9476086885,2,19.8,12.9
day_ahead,2025-11-29 18:00:00+00:00,2025-11-30 15:00:00+00:00,9.515609617,11.90007531,0.05435443266,-0.7071067812,-0.7071067812,-0.5267547528,0.8500173118,21,1,0.2001110877,-1,-1,5.4,0.5314426346,1,8,19.1,7,83.25,6.3625,1.23,-1,-1,2,19.2,5.4
